1645,COc1ccc2cc([C@H](C)C(=O)O)ccc2c1,[M+Na]+,163.8666667
661,OCCN1CCN(CCCN2c3ccccc3Sc3ccc(Cl)cc32)CC1,[M+H]+,192.6
1203,NC(CCCC(N)C(=O)O)C(=O)O,[M+H]+,140.8
3179,OC[C@H]1O[C@](O)(CO)[C@@H](O)[C@@H]1O[C@@H]1O[C@H](CO)[C@H](O)[C@H](O)[C@H]1O,[M-H]-,178.23
2295,Cn1cncc1C[C@H](N)C(=O)O,[M+H]+,135.335
49,NCC(=O)N1CCCC1C(=O)O,[M-H]-,134.5898065
1899,Cc1cn([C@H]2C[C@H](O)[C@@H](CO)O2)c(=O)[nH]c1=O,[M+Na]+,161.6
206,CC/C=C\C/C=C\C/C=C\C/C=C\CCCCC(=O)O[C@H](COCCCCCCCCCCCCCCCCCCCC)COP(=O)(O)OCCN,[M+H]+,282.96
2117,O=C(O)/C=C(\CC(=O)O)C(=O)O,[M+Na]+,149.1306363
807,O=C(O)C(=O)Cc1ccc(O)cc1,[M-H]-,145.75
444,OC[C@H]1O[C@@H](O[C@@H]2[C@@H](CO)O[C@@H](O[C@@H]3[C@@H](CO)O[C@@H](O[C@@H]4[C@@H](CO)O[C@@H](O[C@@H]5[C@@H](CO)O[C@@H](O[C@@H]6[C@@H](CO)O[C@@H](O)[C@H](O)[C@H]6O)[C@H](O)[C@H]5O)[C@H](O)[C@H]4O)[C@H](O)[C@H]3O)[C@H](O)[C@H]2O)[C@H](O)[C@@H](O)[C@@H]1O,[M-H]-,286.2
2230,CC(C)=CCCC1(C)C=Cc2c(O)c3c(c(CC=C(C)C)c2O1)OC12C(CC4CC1C(C)(C)OC2(C/C=C(/C)C(=O)O)C4O)C3=O,[M+H]+,246.4
3172,CCCCCC1OC1C/C=C\C/C=C\C/C=C\CCCC(=O)O,[M+Na]+,187.0666667
2095,CCCCCC/C=C\CCCCCCCC(=O)OCC(COP(=O)(O)OCC(O)CO)OC(=O)CCCCCCCC1CC1CCCCCC,[M+Na]+,275.67
1884,Nc1ccn([C@H]2C[C@H](O)[C@@H](COP(=O)(O)O)O2)c(=O)n1,[M+H]+,165.5853123
2679,O=C(O)[C@H]1OC(O)[C@H](O)[C@@H](O)[C@@H]1O,[M+Na]+,150.2
3839,O=[N+]([O-])c1cnc(CO)n1CCO,[M+H]+,132.55
2406,Cc1cccc2ccccc12,[M+H]+,125.2027376
170,CCC(C)[C@H](NC(=O)[C@@H](NC(=O)CN)C(C)C)C(=O)N[C@@H](Cc1ccccc1)C(=O)N[C@@H](Cc1ccc(O)cc1)C(=O)N[C@@H](CCC(=O)O)C(=O)N[C@@H](CO)C(=O)N[C@@H](Cc1c[nH]cn1)C(=O)NCC(=O)N[C@@H](CCCCN)C(=O)O,[M+H]+,332.9
3777,CCC(NC)C(=O)c1ccccc1,[M+H]+,141.2
95,CC(=O)[C@H]1CC[C@H]2[C@@H]3C[C@H](C)C4=CC(=O)CC[C@]4(C)[C@H]3[C@@H](O)C[C@]12C,[M+H]+,183.2
3818,O=c1ccc2ccc(O)cc2o1,[M+Na]+,154.4591589
187,CC/C=C\C/C=C\C/C=C\C/C=C\C/C=C\CCCC(=O)OC[C@H](COP(=O)(O)OC[C@@H](O)CO)OC(=O)CCCCCCCCC/C=C\C/C=C\CCCCC,[M-H]-,291.55
3539,NC(=O)c1cccnc1,[M+H]+,125.25
3741,OC[C@@H](O)C(O)[C@H](O)CO,[M+Na]+,135.8
1325,CN(C)C(N)=NCCC[C@H](N)C(=O)O,[M+Na]+,157.2
1937,Nc1ncnc2c1ncn2[C@@H]1O[C@H](CO)[C@@H](O)[C@H]1O,[M+Na]+,167.7833334
2851,CCCCCC(O)/C=C/C=C\CCCCCCCC(=O)O,[M-H]-,183.11
2112,O=c1c(O)c(-c2ccc(O)cc2O)oc2cc(O)cc(O)c12,[M+H]+,162.7
3389,Cc1ccc(O)c([C@H](CCN(C(C)C)C(C)C)c2ccccc2)c1,[M+H]+,182.1
1622,O=c1c(O)c(-c2ccccc2)oc2cc(O)ccc12,[M+H]+,152.1
1304,CC#Cc1cc(C)nc(Nc2ccccc2)n1,[M+H]+,152.07
1226,c1ccc2[nH]ccc2c1,[M-H]-,117.0846902
2265,CCCCCCCCCCCCCCC(=O)OC[C@@H](O)COP(=O)(O)OCCN,[M-H]-,200.62
229,CCOC(=O)COc1ccc2c(=O)cc(-c3ccccc3)oc2c1,[M+H]+,177.4
600,CCOc1ccc(C(=O)c2ccc(O)c(O)c2O)cc1,[M+H]+,160.4
1727,CN(C(=O)CN(CCO)CC(=O)N(C)C(C)(C)Cc1ccccc1)C(C)(C)Cc1ccccc1,[M+H]+,213.7
2594,CCCCCCCCCCCCCCCC(=O)OC(CC(=O)[O-])C[N+](C)(C)C,[M+Na]+,225.0333334
3408,Cn1cnc2ncnc-2c1N,[M+H]+,128.3529136
1668,CC[C@H](C)[C@H]1C(=O)O[C@H](C(C)C)C(=O)N(C)[C@@H]([C@@H](C)CC)C(=O)O[C@H](C(C)C)C(=O)N(C)[C@@H](C(C)C)C(=O)O[C@H](C(C)C)C(=O)N1C,[M+H]+,252.2
1384,CC/C=C\C/C=C\C/C=C\C/C=C\C/C=C\CCCC(=O)O[C@H](COC(=O)CCCCCCCCC/C=C\C/C=C\CCCCC)COP(=O)(O)OCCN,[M-H]-,278.9
804,Nc1ncnc2c1ncn2[C@@H]1O[C@@H]2COP(=O)(O)O[C@H]2[C@H]1O,[M-H]-,172
439,Cn1cncc1C[C@H](NC(=O)CCN)C(=O)O,[M-H]-,153.560125
199,Nc1nc(=O)c2[nH]cnc2[nH]1,[M+H]+,129.9
504,CCCCCCCC/C=C\CCCCCCCCCC(=O)O[C@H](COC(=O)CCCCCCCCC/C=C\CCCCCCCCCC)COP(=O)(O)OC[C@H](N)C(=O)O,[M-H]-,292.95
3347,C[N+](C)(C)CCOP(=O)([O-])OP(=O)(O)OC[C@H]1O[C@@H](n2ccc(N)nc2=O)[C@H](O)[C@@H]1O,[M+Na]+,208.3920064
1601,CCCCC/C=C\C/C=C\C/C=C\C/C=C\C/C=C\CCC(=O)O[C@H](CO)COP(=O)(O)OCCN,[M+H]+,221
1901,CCCCC=CCC=CCC=CCC=CCC=CCC=CCC(=O)OC[C@H](COP(=O)(O)OC[C@H](N)C(=O)O)OC(=O)CC=CCC=CCC=CCC=CCC=CCCCCCC,[M+Na]+,303.2
2368,CCCCCCCCCCCCCCC[C@@H](O)[C@@H](N)CO,[M+H]+,188.5
754,CC[C@H]1CN2CCc3cc(OC)c(OC)cc3[C@@H]2C[C@@H]1C[C@H]1NCCc2cc(OC)c(OC)cc21,[M+H]+,219.6
1324,CCCCOc1cc(CC2CNC(=O)N2)ccc1OC,[M+H]+,174
102,CCCCCCCCCCCCCC(=O)O,[M-H]-,159.2088404
2683,CCCCCC/C=C\CCCCCCCC(=O)OC[C@@H](O)COP(=O)(O)OCCN,[M-H]-,202.645
3521,CCCCc1oc2ccccc2c1C(=O)c1cc(I)c(OCCNCC)c(I)c1,[M+H]+,219.8
3102,C[C@@H]1[C@H]2C3=CC[C@@H]4[C@@]5(C)C[C@@H](O)[C@H](O)[C@@](C)(CO)[C@@H]5CC[C@@]4(C)[C@]3(C)CC[C@@]2(C(=O)O)CC[C@H]1C,[M+Na]+,233.5
1865,NCCCC12CCC(c3ccccc31)c1ccccc12,[M+H]+,163.1
1495,CCCCCCCCCCCCCCC(=O)OC[C@@H](O)COP(=O)([O-])OCC[NH3+],[M+Na]+,216.13
2805,C[C@@H](Cc1ccccc1)N(C)Cc1ccccc1,[M+H]+,154.8
1854,CCC(Cc1ccc2c(c1)OCO2)NC,[M+H]+,148.4
822,Cn1cnc(N)c2ncnc1-2,[M+H]+,126.3
2760,CCCCCC/C=C\CCCCCCCCCCCC(=O)O[C@H](COC(=O)CCCCCCCCCCCCCCCCCCC)COP(=O)([O-])OCC[N+](C)(C)C,[M+Na]+,307.48
3682,NC(=O)C[C@H](N)C(=O)O,[M+Na]+,130.7193761
3377,C[C@@H](O)[C@H](N)C(=O)O,[M-H]-,130.78
2412,CC=CCC=CCC=CCC(=O)OC[C@H](COP(=O)(O)OCCN)OC(=O)CC=CCC=CCC,[M+H]+,208.3
674,COc1ccc(-c2cc(=O)c3ccccc3o2)cc1,[M+H]+,152.1
3297,C[C@]12CC(=O)[C@H]3[C@@H](CCC4=CC(=O)C=C[C@@]43C)[C@@H]1CC[C@]2(O)C(=O)CO,[M+H]+,180.95
3408,Cn1cnc2ncnc-2c1N,[M-H]-,130.97
1768,O=S(=O)(O)c1cc(I)c(O)c2ncccc12,[M+H]+,165.5
3498,CC(C)[C@H](NC(=O)[C@@H](N)Cc1ccccc1)C(=O)N[C@H](C(=O)N1CCC[C@@H](C(=O)N[C@@H](CCCNC(=N)N)C(=O)O)C1)C(C)C,[M+H]+,252
3192,CCCCCCCC/C=C\CCCCCCCCCC(=O)OC[C@@H](COC(=O)CCCCCCCCCCC)OC(=O)CCCCCCCCC/C=C\CCCCCCCC,[M+Na]+,320.86
2986,CCCCCCCCCCCCCCCCCC/C=C\OC[C@H](COP(=O)([O-])OCC[N+](C)(C)C)OC(=O)CCCCCCCCCCCC,[M+H]+,287.3
476,CC/C=C\C/C=C\C/C=C\CCCCCCCC(=O)OC[C@H](COP(=O)(O)OCCN)OC(=O)CCCCCCC/C=C\CCCCCCCC,[M-H]-,266.29
3896,C[C@H](CCC(=O)NCC(=O)O)[C@H]1CC[C@H]2[C@H]3[C@H](C[C@H](O)[C@@]21C)[C@@]1(C)CC[C@@H](O)C[C@H]1C[C@H]3O,[M+Na]+,202.1
324,CCCNC[C@]1(O)[C@H](C)O[C@@H](O[C@H]2[C@H](C)[C@@H](O[C@@H]3O[C@H](C)C[C@H](N(C)C)[C@H]3O)[C@](C)(O)C[C@@H](C)CN[C@H](C)[C@@H](O)[C@](C)(O)[C@@H](CC)OC(=O)[C@@H]2C)C[C@@]1(C)OC,[M+H]+,286.4
975,CCCCCCCC(=O)OC[C@H](COP(=O)(O)OC[C@@H](O)CO)OC(=O)CCCCCCC,[M-H]-,216.9
2948,COC(=O)[C@H](Cc1ccccc1)NC(=O)/C(=C1\OC(=O)C(c2ccccc2)=C1O)c1ccccc1,[M+H]+,212.8
2494,CCCCCCCCCCCCC=CC[C@@H](O)[C@H](COP(=O)([O-])OCC[N+](C)(C)C)NC(=O)CC=CCCCCCCCCCCCCCCCCCCCCCC,[M+H]+,311.55
3507,Nc1ncnc2c1ncn2[C@@H]1O[C@H](COP(=O)(O)OS(=O)(=O)O)[C@@H](OP(=O)(O)O)[C@H]1O,[M-H]-,192.7560708
2908,N[C@@H](CSSC[C@H](N)C(=O)O)C(=O)O,[M+H]+,149.4
3378,COc1cc(O)c2c(=O)c(OC)c(-c3ccc(OC)c(OC)c3)oc2c1,[M+H]+,180.8
3625,CC(=O)Nc1ccccc1,[M+H]+,125
2056,CN1CC(=O)N=C1N,[M+H]+,123.4
2567,CCCCC/C=C\C/C=C\C/C=C\CCCCC(=O)OC[C@H](COP(=O)(O)OCCN)OC(=O)CCCCCCCCC/C=C\CCCCCCCC,[M+H]+,283.53
1251,CCCCCCCCCCC/C=C\CCCCC(=O)O[C@H](COC(=O)CCCCCCCCCCCCCCCCC)COP(=O)([O-])OCC[N+](C)(C)C,[M+Na]+,290.25
3716,CCCCCC/C=C\CCCCCCCC(=O)OCC(COP(=O)(O)OCCN)OC(=O)CCCCCCCCCCCCC,[M+H]+,260.6
2265,CCCCCCCCCCCCCCC(=O)OC[C@@H](O)COP(=O)(O)OCCN,[M+H]+,210.81
2035,CC(C)Oc1ccc2c(=O)c(-c3ccccc3)coc2c1,[M+H]+,164.3
2269,CC/C=C\C/C=C\C/C=C\C/C=C\C/C=C\CCCC(=O)O[C@H](COC(=O)CCCCCCCCC/C=C\CCCCCC)COP(=O)([O-])OCC[N+](C)(C)C,[M+H]+,291.63
2740,CCCCCCCCCCCCC=CC[C@@H](O)[C@H](CO[C@@H]1O[C@H](CO)[C@@H](O)C(O)C1O)NC(=O)CC=CCCCCCCCCCCCCCCCCCCCCCC,[M+Na]+,315.3
1891,CC1=CC(=O)c2ccccc2C1=O,[M+H]+,134.6
3500,CSCC[C@H](N)C(=O)O,[M-H]-,142.025
696,CC/C=C\C/C=C\C/C=C\C/C=C\CCCCC(=O)O[C@H](COC(=O)CCCCCCCCCCC/C=C\C/C=C\CCCCC)COP(=O)(O)OC[C@@H](O)CO,[M-H]-,281.9
2130,C[C@]12CC(=O)[C@H]3[C@@H](CCC4=CC(=O)CC[C@@]43C)[C@@H]1CC[C@]2(O)C(=O)CO,[M-H]-,191.4
2691,CCCCCCCCCCCCCCCCCCC(=O)O[C@H](COC(=O)CCCCCCCCC)COP(=O)([O-])OCC[N+](C)(C)C,[M+H]+,275.9
2490,CCCCCCCC/C=C\CCCCCCCC(=O)OC[C@@H](O)COP(=O)(O)OC[C@H](N)C(=O)O,[M-H]-,220.5
1736,CCCCCCCCCCCCC=CCC=CCC=CCC=CCC=CCC(=O)OC[C@@H](O)COP(=O)(O)OCC[N+](C)(C)C,[M+H]+,255.46
2159,CCN(CC)CCNC(=O)c1cc(Cl)c(N)cc1OC,[M+H]+,173.2
2984,O=C(/C=C/c1ccc(O)cc1)c1ccc(O)cc1O,[M+Na]+,187.3684438
3917,CC/C=C\C/C=C\C/C=C\C/C=C\C/C=C\C/C=C\CCC(=O)O[C@H](CO/C=C\CCCCCCCCCCCCCCCCCC)COP(=O)(O)OCCN,[M-H]-,278.08
3681,COc1cc(/C=C/C(=O)O)ccc1O,[M+H]+,128.8
2493,CCCCC/C=C\C/C=C\CCCCCCCCCCCC(=O)O[C@H](COC(=O)CCCCCCCCCCCCCCCCCC)COP(=O)(O)OC[C@H](N)C(=O)O,[M-H]-,292.19
1494,CCCCC/C=C\C/C=C\C/C=C\C/C=C\CCCC(=O)O[C@H](COC(=O)CCCCCCCCCCCCCCCCCCC)COP(=O)([O-])OCC[N+](C)(C)C,[M+Na]+,297.42
3675,CCCCCC/C=C\CCCCCCCC(=O)OCC(COP(=O)(O)O)OC(=O)CCCCCCC/C=C\CCCCCC,[M-H]-,247.47
572,NCCCC[C@H](N)C(=O)O,[M-H]-,133.7
167,Oc1ccc(Cl)cc1Cc1cc(Cl)ccc1O,[M+H]+,147.4
2714,CCOC(=O)OC1=C(c2cc(C)ccc2C)C(=O)NC12CCC(OC)CC2,[M+H]+,189.99
1235,c1ccc(CN2CCNCC2)cc1,[M+H]+,138.8
3294,CC1=CC(=O)c2c(O)cccc2C1=O,[M+H]+,124.1
3415,C/N=C(/O)CSP(=O)(OC)OC,[M+H]+,134.62
2419,C[C@H]1[C@H]2[C@H](C[C@H]3[C@@H]4CC=C5C[C@@H](O)CC[C@]5(C)[C@H]4CC[C@@]32C)O[C@]12CC[C@@H](C)CN2,[M+H]+,207.8
904,CC(=O)Nc1ccn([C@@H]2O[C@H](CO)[C@@H](O)[C@H]2O)c(=O)n1,[M-H]-,161.4026856
2967,Cc1c(C)c2c(c(C)c1O)CC[C@@](C)(CCC[C@H](C)CCC[C@H](C)CCCC(C)C)O2,[M+H]+,216.6
955,O=C(O)[C@@H](O)[C@@H](O)[C@H](O)[C@@H](O)C(=O)O,[M-H]-,132.1081561
68,Cc1c(NC(C)C)c(=O)n(-c2ccccc2)n1C,[M+H]+,156.5
2660,CCCCCCCCCCCCCCCCCCCCC(=O)OC(COC(=O)CCCCCCCCCCCCCC)COP(=O)([O-])OCC(O)COC(=O)C(N)CCCC[NH3+],[M+H]+,308.7
3967,CCCCCCCCCCCCCCCC(=O)OCC(COP(=O)(O)OCC(O)CO)OC(=O)CCCCCCCCCCCCC,[M-H]-,258.02
3523,CCCCC/C=C\C/C=C\C/C=C\C/C=C\CCCCCC(=O)O[C@H](COC(=O)CCCCCCCCC/C=C\CCCCCCCC)COP(=O)(O)OC[C@H](N)C(=O)O,[M+Na]+,307
2225,Cc1cc(C)nc(NS(=O)(=O)c2ccc(N)cc2)n1,[M+H]+,161.7
1720,CCCCC/C=C\C/C=C\C/C=C\CCCCC(=O)O[C@H](COC(=O)CCCCCCCCC/C=C\C/C=C\CCCCC)COP(=O)(O)O[C@H]1C(O)C(O)C(O)[C@@H](O)C1O,[M-H]-,297
2321,CC(=O)NC1C(OC2C(O)C(CO)OC(OC(C(O)CO)C(O)C(O)C=O)C2O)OC(CO)C(O)C1O,[M+Na]+,220
878,C[C@H](CCC(=O)NCCS(=O)(=O)O)[C@H]1CCC2C3C(CC[C@@]21C)[C@@]1(C)CC[C@@H](O)C[C@H]1[C@H](O)[C@H]3O,[M-H]-,209.5
488,CC(C)[C@H](NC(=O)[C@@H](N)CC(N)=O)C(=O)N[C@@H](C)C(=O)N[C@@H](C[C@@H](C)O)C(=O)N1CCC[C@@H](C(=O)N[C@@H](CCCNC(=N)N)C(=O)O)C1,[M+H]+,254
633,CCCCC/C=C\CCCCCCCC(=O)OC[C@H](COC(=O)CCCCCCC/C=C\CCCCCCCCC)OC(=O)CCCCCCC/C=C\CCCCCCCCC,[M+Na]+,320.355
3361,O=C(O)[C@H]1C[C@@H](O)CN1,[M+Na]+,130.6
367,CN[C@H](C)[C@@H]1CC[C@@H](N)[C@@H](O[C@@H]2[C@@H](N)C[C@@H](N)[C@H](O[C@H]3OC[C@](C)(O)[C@H](NC)[C@H]3O)[C@H]2O)O1,[M+Na]+,222.8
3984,CCCCC/C=C\C/C=C\CCCCCCCCCCCC(=O)O[C@H](COC(=O)CCCCCCCCCCC)COP(=O)(O)O,[M-H]-,257
3258,CCCCCCCCCCCCCCC(=O)O[C@H](COC(=O)CCCCCCCCCCCC)COP(=O)(O)OC[C@H](N)C(=O)O,[M-H]-,264.55
58,CCCCCCCCCCCCCCCC/C=C\OC[C@@H](O)COP(=O)([O-])OCC[N+](C)(C)C,[M+H]+,236.8
3193,CCCCC/C=C\C/C=C\C/C=C\C/C=C\CCCC(=O)OC[C@@H](O)COP(=O)(O)O[C@H]1C(O)C(O)C(O)[C@@H](O)C1O,[M-H]-,241
2224,C[C@H]1C[C@H]2[C@@H]3CCC4=CC(=O)C=C[C@]4(C)[C@@]3(F)[C@@H](O)C[C@]2(C)[C@@]1(O)C(=O)CCl,[M+H]+,201.29
1070,O=C(O)C1(O)C[C@@H](O)C(O)[C@H](O)C1,[M+H]+,146.3491315
2260,CC(=O)NCCc1c[nH]c2ccc(O)cc12,[M-H]-,149.5773385
577,CC/C=C\C/C=C\C/C=C\C/C=C\C/C=C\C/C=C\CCC(=O)OC[C@H](COP(=O)(O)OCCN)OC(=O)CCCCCCCCCCCCCCCCCC,[M+Na]+,295.01
609,O=c1c(O)c(-c2ccccc2)oc2ccccc12,[M+H]+,146.3
2988,C[C@H](CCC(=O)NCC(=O)O)[C@H]1CC[C@H]2[C@@H]3CC[C@@H]4C[C@H](O)CC[C@]4(C)[C@H]3CC[C@@]21C,[M+H]+,200.9
1752,CCCCCCCCCCCCCCCCCC(=O)OC[C@@H](O)COP(=O)(O)OC[C@H](N)C(=O)O,[M+H]+,228.75
1688,CC/C=C\C/C=C\C/C=C\C/C=C\C/C=C\C/C=C\CCC(=O)O[C@H](CO/C=C\CCCCCCCCCCCCCC)COP(=O)(O)OCCN,[M+H]+,277.45
1932,CCCCC/C=C\C/C=C\C/C=C\C/C=C\CCCCCC(=O)OC[C@@H](O)COP(=O)([O-])OCC[N+](C)(C)C,[M+Na]+,241.67
2343,CC/C=C\C/C=C\C/C=C\C/C=C\C/C=C\C/C=C\CCC(=O)O[C@H](COC(=O)CCC/C=C\C/C=C\C/C=C\C/C=C\CCCCC)COP(=O)(O)OC[C@H](N)C(=O)O,[M+Na]+,292.305
3443,c1cc2c(cc1[C@H]1OC[C@@H]3[C@H](c4ccc5c(c4)OCO5)OC[C@H]13)OCO2,[M+H]+,171
317,CCCCCC/C=C\CCCCCCCCCCCC(=O)O[C@H](COC(=O)CCCCCCCCC/C=C\CCCCCC)COP(=O)([O-])OCC[N+](C)(C)C,[M+Na]+,299.18
342,O=c1ccn([C@@H]2O[C@H](COP(=O)(O)OP(=O)(O)OP(=O)(O)O)[C@@H](O)[C@H]2O)c(=O)[nH]1,[M+H]+,187
3314,CC/C=C\C/C=C\C/C=C\CCCCCCCC(=O)O[C@H](COC(=O)CCCCCC/C=C\C/C=C\C/C=C\CCCCC)COP(=O)(O)OC[C@H](N)C(=O)O,[M+H]+,283.58
3965,CCCCC/C=C\C/C=C\C/C=C\C/C=C\CCCCCC(=O)O[C@H](COC(=O)CCCCCCC/C=C\CCCCCCC)COP(=O)(O)OC[C@H](N)C(=O)O,[M+H]+,288.18
3957,OC[C@H]1O[C@@H](O[C@@H]2[C@@H](CO)O[C@@H](O[C@@H]3[C@@H](CO)O[C@@H](O[C@@H]4[C@@H](CO)O[C@@H](O[C@@H]5[C@@H](CO)O[C@@H](O[C@@H]6[C@@H](CO)OC(O)[C@@H](O)[C@H]6O)[C@@H](O)[C@H]5O)[C@@H](O)[C@H]4O)[C@@H](O)[C@H]3O)[C@@H](O)[C@H]2O)[C@@H](O)[C@@H](O)[C@@H]1O,[M+Na]+,281.7
973,CC(C)=CCc1c2c(c3occ(-c4ccc(O)cc4)c(=O)c3c1O)C=CC(C)(C)O2,[M+H]+,201.4
1874,CNc1ncnc2c1ncn2[C@@H]1O[C@H](CO)[C@@H](O)[C@H]1O,[M-H]-,159.6718512
2966,CCCc1cc(OC)c2c(c1)OCO2,[M+H]+,128.7
3059,CCCC/C=C\CCCCCCCC(=O)O[C@H](COC(=O)CCCCCCCCCCCCCCCC)COP(=O)(O)OCCN,[M-H]-,263.4
2733,CN1CCN2c3ncccc3Cc3ccccc3C2C1,[M+H]+,161
3434,CC(C)C[C@H](NC(=O)[C@H](C)NC(=O)[C@@H](N)CCC(=O)O)C(=O)N[C@@H](CC(=O)O)C(=O)N[C@@H](Cc1ccccc1)C(=O)N[C@@H](Cc1ccccc1)C(=O)N[C@@H](C)C(=O)N[C@@H](CCCNC(=N)N)C(=O)O,[M+H]+,305.9
215,CCCCCCCCCC/C=C\CCCCCCCCCC(=O)O[C@H](COC(=O)CCCCCCCCCCCCCCC)COP(=O)(O)OC[C@H](N)C(=O)O,[M+H]+,292.9
1713,CC(=O)O[C@]1(C(C)=O)CC[C@H]2[C@@H]3C=C(Cl)C4=CC(=O)[C@@H]5C[C@@H]5[C@]4(C)[C@H]3CC[C@@]21C,[M+H]+,199.4
1302,O=C(O)c1cc(O)ccc1O,[M-H]-,122.6723579
892,CCCC/C=C\CCCCCCCC(=O)O[C@H](COC(=O)CCCCCCCCCCCCC)COP(=O)(O)OC[C@@H](O)CO,[M-H]-,251.2
2790,CC/C=C\C/C=C\C/C=C\C/C=C\C/C=C\C/C=C\CCC(=O)O[C@H](COC(=O)CCCC/C=C\C/C=C\C/C=C\C/C=C\CC)COP(=O)([O-])OCC[N+](C)(C)C,[M+H]+,289.05
2394,OC1C(O)C(O)C(O)C(O)C1O,[M-H]-,131.3
272,CN(CC(=O)O)C(=N)N,[M+H]+,125.95
3057,CCCCCCCCCCCCCCCC(=O)O,[M-H]-,169.06
3744,CCCCC/C=C\C/C=C\C/C=C\CCCCCCC(=O)O[C@H](COC(=O)CCCCCCC/C=C\C/C=C\CCCCC)COP(=O)(O)OCCN,[M-H]-,274.58
967,O=C(O)c1cc(=O)c2ccccc2o1,[M+H]+,134
439,Cn1cncc1C[C@H](NC(=O)CCN)C(=O)O,[M+H]+,154.1
2827,[O-][n+]1cccc(CO)c1,[M+H]+,120.4
3755,CCOC(=O)c1ccc(O)cc1,[M+H]+,125.4
2079,CC/C=C\C/C=C\C/C=C\C/C=C\C/C=C\C/C=C\CCC(=O)OC[C@H](COP(=O)(O)OC[C@@H](O)CO)OC(=O)CCCCCC/C=C\C/C=C\C/C=C\CCCCC,[M-H]-,292.6
2989,Nc1ncnc2c1ncn2[C@@H]1O[C@H](CSCC[C@H](N)C(=O)O)[C@@H](O)[C@H]1O,[M-H]-,186.4
2241,O=C(O)CCC(=O)O,[M-H]-,119.84
69,CCCCCCCC/C=C\CCCCCCCC(=O)OC(COC(=O)CCCCCCCCCCCCCCC)COP(=O)(O)OCC(O)CO,[M+Na]+,281.03
3881,CCCCCC/C=C\CCCCCCCC(=O)OC[C@H](COP(=O)(O)O[C@H]1C(O)C(O)C(O)[C@@H](O)C1O)OC(=O)CCCCCCCCC/C=C\CCCCCCCCCC,[M-H]-,297.8
1498,CCOC(=O)C1CC(=O)C(=C(O)C2CC2)C(=O)C1,[M+H]+,152.92
2657,C[C@H](CCC(=O)O)[C@H]1CC[C@H]2[C@@H]3C(=O)C[C@@H]4C[C@H](O)CC[C@]4(C)[C@H]3C[C@H](O)[C@@]21C,[M-H]-,204.2
2695,CCCCCCCC/C=C\CCCCCCCCCC(=O)O[C@H](COC(=O)CCCCCCCCCCCCCC)COP(=O)(O)OCCN,[M-H]-,264.25
1627,CC[C@H]1OC(=O)C[C@@H](O)[C@H](C)[C@@H](O[C@@H]2O[C@H](C)[C@@H](O)[C@H](N(C)C)[C@H]2O)[C@@H](CCN2C[C@@H](C)C[C@@H](C)C2)C[C@@H](C)C(=O)/C=C/C(C)=C/[C@@H]1CO[C@@H]1O[C@H](C)[C@@H](O)[C@@H](OC)[C@H]1OC,[M+H]+,310.2
2459,CCCCCCCCCCCCC=CC[C@@H](O)[C@H](CO)NC(=O)CCCCCCCCCCCCCCCCCCCCC,[M+H]+,272.3
2157,C[C@]12CC[C@H]3[C@@H](CCC4=CC(=O)CC[C@@]43C)[C@@H]1CC[C@]2(O)C(=O)CO,[M+H]+,187.4
3277,O=C1O[C@H]([C@@H](O)CO)C(O)=C1O,[M+Na]+,143.8572719
3374,NCCCC[C@H](NC(=O)CNC(=O)[C@H](Cc1c[nH]c2ccccc12)NC(=O)[C@@H](N)Cc1ccccc1)C(=O)O,[M+H]+,231
1467,CCCCCCCCCCCCCCCC(=O)OCC(COP(=O)(O)OCCN)OC(=O)CCCCCCCC1CC1CCCC,[M-H]-,252.34
3466,CCC(C)[C@H](N)C(=O)NCC(=O)N[C@@H](CO)C(=O)N[C@@H](CCC(=O)O)C(=O)N[C@H](C(=O)N[C@@H](Cc1ccc(O)cc1)C(=O)N[C@@H](Cc1c[nH]cn1)C(=O)N[C@@H](CC(N)=O)C(=O)N[C@@H](CC(C)C)C(=O)N[C@@H](CCCCN)C(=O)O)C(C)C,[M+H]+,348.4
164,CCCCC/C=C\C/C=C\C/C=C\C/C=C\CCCC(=O)O[C@H](CO/C=C\CCCCCCCCCCCCCCCCCC)COP(=O)(O)OCCN,[M+Na]+,290.1
73,COc1ccc([C@@H]2Sc3ccccc3N(CCN(C)C)C(=O)[C@@H]2O)cc1,[M+H]+,186.3
680,COc1ccc2[nH]cc(C[C@H](N)C(=O)O)c2c1,[M-H]-,154.3558371
3543,CCCCC/C=C\C/C=C\C/C=C\CCCCC(=O)O[C@H](COC(=O)CCCCCCCCCCCCCCCCCCC)COP(=O)(O)OCCN,[M-H]-,270.49
2981,CCCCC/C=C\C/C=C\C/C=C\C/C=C\C/C=C\CCC(=O)O[C@H](COCCCCCCCCCCCCCCCCCC)COP(=O)([O-])OCC[N+](C)(C)C,[M+H]+,300.6
2768,CCCCCCCCCCCCC=CC[C@@H](O)[C@H](COP(=O)([O-])OCC[N+](C)(C)C)NC(=O)CCCCCCCCCCCCCC,[M+Na]+,284.4
598,CCCCCCCC/C=C\CCCCCCCCCCCC(=O)O[C@H](COC(=O)CCCCCCCCCCCCCCC)COP(=O)(O)OCCN,[M+Na]+,285.93
1844,O=C(O)CCCCCCCCC(=O)O,[M-H]-,142.9478623
2754,CCCCCCCCCCCCCCCCCCCCC(=O)O[C@H](COC(=O)CCCCCCCCCCCC)COP(=O)([O-])OCC[N+](C)(C)C,[M+H]+,291.5
311,CCCC/C=C\CCCCCCCC(=O)OC[C@H](COP(=O)(O)OC[C@@H](O)CO)OC(=O)CCCCCCCCCCCCCCCCCCCCC,[M-H]-,273.74
1314,C[C@]12CC[C@@H]3c4ccc(O)cc4CC[C@H]3[C@@H]1CCC2=O,[M+H]+,164.3
1773,CC1=CC2C(C(C)C)CCC(C)(O)C2CC1,[M+H]+,145.9
2310,CCCCCCCC/C=C\CCCCCCCCCCCCCC(=O)OC[C@H](COP(=O)([O-])OCC[N+](C)(C)C)OC(=O)CCCCCCC/C=C\CCCCCCCC,[M+H]+,309.18
3016,CCCCC/C=C\C/C=C\C/C=C\CCCCCCCCC(=O)OC[C@@H](COC(=O)CCCCCCCCCCCCC)OC(=O)CCCCCCCCCCCCC,[M+Na]+,311.985
1546,CCCCCCCCCCCCC=CC[C@@H](O)[C@H](CO[C@@H]1O[C@H](CO)[C@@H](O)C(O)C1O)NC(=O)CC=CCC=CCC=CCCCCCCCCCCCCCCCC,[M+Na]+,314.7
2418,CC/C=C\C/C=C\C/C=C\C/C=C\C/C=C\CCCCCC(=O)OC[C@@H](O)COP(=O)([O-])OCC[N+](C)(C)C,[M+Na]+,241.02
2057,N[C@H]1[C@@H](OP(=O)(O)O)O[C@H](CO)[C@@H](O)[C@@H]1O,[M+H]+,153
2275,CCCCCCCC/C=C/CCCCCCCC(=O)OC[C@H](COP(=O)(O)OC[C@@H](O)CO)OC(=O)CCCCCCC/C=C/CCCCCCCC,[M-H]-,282.68
398,CCCCCCCCCCCCC=CC[C@@H](O)[C@H](COP(=O)([O-])OCC[N+](C)(C)C)NC(=O)CCCCCCCCCCCCCCCC,[M+H]+,286.9
2024,Cc1nccc2c1[nH]c1ccccc12,[M+H]+,136.6
3449,CN1C[C@@H]2c3ccccc3Oc3ccc(Cl)cc3[C@H]2C1,[M+H]+,167.6
2637,Nc1c2ccccc2nc2ccccc12,[M+H]+,136.8
734,CCCCC/C=C\C/C=C\C/C=C\C/C=C\CCCCCC(=O)O[C@H](COC(=O)CCCCCCCCC/C=C\CCCCCCCCCC)COP(=O)([O-])OCC[N+](C)(C)C,[M+H]+,307.98
1608,CCC(C)[C@H](NC(=O)[C@H](CC(C)C)NC(=O)[C@H](CC(C)C)NC(=O)[C@H](CCC(=O)O)NC(=O)[C@H](CC(N)=O)NC(=O)[C@H](C)N)C(=O)N[C@@H](CC(N)=O)C(=O)N[C@H](C(=O)N[C@@H](CCCCN)C(=O)O)C(C)C,[M+H]+,326.8
1351,CCCCCCCCCCCCCC=CCC(=O)OC[C@H](CO[C@@H]1O[C@H](CO[C@H]2O[C@H](CO)[C@H](O)C(O)C2O)[C@H](O)C(O)C1O)OC(=O)CC=CCCCCCCCCCCCCC,[M-H]-,301.9
2093,CCCCCCCCCCCCCCC(=O)NCCO,[M+H]+,175.18
1695,NC(=O)[C@@H]1CCCN1C(=O)[C@H](Cc1cnc[nH]1)NC(=O)[C@@H]1CCC(=O)N1,[M+H]+,180.1005335
2333,COC(=O)c1c(Cl)nn(C)c1S(=O)(=O)NC(=O)Nc1nc(OC)cc(OC)n1,[M-H]-,195.34
1708,NC(CSCC[C@H](N)C(=O)O)C(=O)O,[M+H]+,146.7
3961,N[C@@H](Cc1ccc(O)c(O)c1)C(=O)O,[M-H]-,140.6
1877,O=C(O)CCCCCCCCCCCO,[M-H]-,152.6
3052,CC1=C(/C=C/C(C)=C/C=C/C(C)=C/C(=O)Nc2ccc(O)cc2)C(C)(C)CCC1,[M+H]+,200.5
618,COc1ccc2cc([C@H](C)CO)ccc2c1,[M+H]+,140
3165,COc1ccc(C(=O)CC(=O)O)c2c1C=CC(C)(C)O2,[M+H]+,159.4
3034,CCCCC/C=C\C/C=C\C/C=C\C/C=C\CCCCCC(=O)O[C@H](COC(=O)CCCCCCCCCCCCCC)COP(=O)(O)OCCN,[M+H]+,280.01
908,CCCCC/C=C\C/C=C\C/C=C\CCCCCCC(=O)OC[C@H](COP(=O)(O)OCCN)OC(=O)CCCCCCCCCCC/C=C\C/C=C\CCCCC,[M-H]-,279.765
2151,CC/C=C\C/C=C\C/C=C\C/C=C\C/C=C\C/C=C\CCC(=O)O[C@H](COC(=O)CCCCCCCCCCCCCCC)COP(=O)(O)O,[M-H]-,260.9
2623,CCCCCCCC/C=C\CCCCCCCCCC(=O)OC[C@@H](O)COP(=O)(O)OC[C@H](N)C(=O)O,[M+H]+,231.8
3631,Cc1nn(-c2cc(NS(C)(=O)=O)c(Cl)cc2Cl)c(=O)n1C(F)F,[M+H]+,173.63
517,CCCCC/C=C\CCCCCCCC(=O)O[C@H](CO/C=C\CCCCCCCCCCCCCCCC)COP(=O)([O-])OCC[N+](C)(C)C,[M+H]+,283.6
1204,CCCCCCCCCCCCCCCC(=O)OCC(COP(=O)(O)OCC(O)CO)OC(=O)CCCCCCCC1CC1CCCCCC,[M+Na]+,280.56
1199,CO[C@@]12[C@H](COC(N)=O)C3=C(C(=O)C(C)=C(N)C3=O)N1C[C@@H]1N[C@@H]12,[M+H]+,169.5
3512,CCCCCCCCCCCCCCCCC(=O)O[C@H](COC(=O)CCCCCCCCCCCCCCC)COP(=O)(O)OCCN,[M-H]-,271.1
2311,OCCc1ccccc1,[M+H]+,121.2
883,Nc1ncnc2c1ncn2[C@@H]1O[C@H](COP(=O)(O)OS(=O)(=O)O)[C@@H](O)[C@H]1O,[M-H]-,180.4779267
636,CC/C=C/C/C=C/CC/C=C/CC/C=C/CCCCCCC(=O)O,[M-H]-,180.7
2595,CCCCCC/C=C\CCCCCCCC(=O)OC[C@@H](O)COP(=O)(O)OC[C@@H](O)CO,[M-H]-,216.9
3739,C[C@H](CCC(=O)O)[C@H]1CC[C@H]2[C@@H]3CC[C@@H]4C[C@H](O)CC[C@]4(C)[C@H]3CC[C@@]21C,[M+H]+,210.8
2659,Nc1c(O)cccc1C(=O)O,[M-H]-,127.8
3679,Cn1c(=O)c2[nH]c(=O)[nH]c2n(C)c1=O,[M+H]+,142.5
3475,COc1cc(C[C@H](N)C(=O)O)ccc1O,[M-H]-,153.27
1104,COC(=O)C[C@H]1C(C)(C)C2(O)OC34CC2C(=O)[C@]1(C)C3CC[C@]1(C)C4=CC(=O)O[C@H]1c1ccoc1,[M+H]+,208.8
1074,CCCCCCCCCCCCCCCC(=O)O[C@H](CC(=O)[O-])C[N+](C)(C)C,[M-H]-,204.4860569
901,NC[C@H](O)c1ccc(O)cc1,[M+Na]+,147.3
1794,CCCC/C=C\CCCCCCCC(=O)O[C@H](CO/C=C\CCCCCCCCCCCCCCCCCC)COP(=O)(O)OCCN,[M+Na]+,276.9
3813,CCCCC/C=C\C/C=C\C/C=C\C/C=C\CCCCCC(=O)O[C@H](COC(=O)CCC/C=C\C/C=C\C/C=C\C/C=C\CCCCC)COP(=O)(O)OC[C@H](N)C(=O)O,[M-H]-,291.98
1292,CCCCC/C=C\C/C=C\CCCCCCCCCC(=O)O[C@H](COC(=O)CCCCCCCCCCCCCCCCCCC)COP(=O)(O)OCCN,[M+H]+,291.51
226,CCCCCCCCCCCCC=CC[C@@H](O)[C@H](CO)NC(=O)CC=CCCCCCCCCCCCCCCCCCCCC,[M+H]+,278.2
1016,Nc1nc(=O)c2ncn([C@H]3C[C@H](O)[C@@H](COP(=O)(O)OP(=O)(O)O)O3)c2[nH]1,[M-H]-,180.8
3178,N[C@H]1C(O)O[C@H](CO)[C@@H](O)[C@@H]1O,[M+H]+,138.1
3774,CCCCCCCCCCCCCCCCCCCCCCCC(=O)N[C@@H](COP(=O)([O-])OCC[N+](C)(C)C)[C@H](O)CCCCCCCCCCCCCCC,[M+Na]+,308.7
1007,C[C@]12CC[C@H]3[C@@H](CC[C@H]4CC(=O)CC[C@@]43C)[C@@H]1CCC2=O,[M-H]-,174.3195727
3831,N[C@@H](Cc1ccc(O)cc1)C(=O)O,[M+Na]+,143.7848717
3626,CSC[C@H]1O[C@@H](n2cnc3c(N)ncnc32)[C@H](O)[C@@H]1O,[M+H]+,167
219,CC(=O)c1ccc2c(c1)N(CCCN(C)C)c1ccccc1S2,[M+H]+,168.55
2644,CC(=O)NC(CCCCN)C(=O)O,[M+Na]+,144.4
1058,CC(C)C(=O)NCC(=O)O,[M-H]-,136.6085517
341,CC/C=C\C/C=C\C/C=C\C/C=C\CCCCC(=O)O[C@H](CO/C=C\CCCCCCCCCCCCCC)COP(=O)(O)OCCN,[M-H]-,257.27
595,Nc1ncnc2nc[nH]c12,[M+H]+,124.9
485,CSc1ncnc2nc[nH]c12,[M+H]+,129.8
111,CCCCCCCCCCCCCCCCCCOC[C@@H](O)COP(=O)(O)OCCN,[M-H]-,209.23
2420,CCCCCCCCCCCCCC/C=C\OC[C@H](COP(=O)(O)OCCN)OC(=O)CCCCCCCCCCCCCCCCCCC,[M-H]-,267.26
1513,CCCCCC/C=C\CCCCCCCCCC(=O)OC(COC(=O)CCCCCCCCCCCCCCC)COP(=O)([O-])OCC(O)COC(=O)C(C)[NH3+],[M+H]+,291.7
617,CN1C(=O)CN=C(c2ccccc2F)c2cc([N+](=O)[O-])ccc21,[M+H]+,168.6
3175,COC(C)(C)CCC[C@H](C)C/C=C/C(C)=C/C(=O)OC(C)C,[M+Na]+,187
3810,C[C@]12CC[C@H]3[C@@H](CCC4=CC(=O)CC[C@@]43C)[C@@H]1CCC2=O,[M+Na]+,204.7279241
482,CCCCC/C=C\CCCCCCCC(=O)O[C@H](COC(=O)CCCCCCCCCCC)COP(=O)([O-])OCC[N+](C)(C)C,[M+H]+,264
1463,O=C1C=CC2=C3c4cc(O)c(O)cc4CC3(O)COC2=C1,[M+H]+,159.9
3275,Nc1ncnc2c1ncn2C1OC(CO)C2OP(=O)(O)OC21,[M+H]+,168.1
3679,Cn1c(=O)c2[nH]c(=O)[nH]c2n(C)c1=O,[M-H]-,134.2428663
207,CC=CCC=CCC=CCC=CCC=CCC=CCC=CCC(=O)OC[C@H](COP(=O)(O)OC[C@H](N)C(=O)O)OC(=O)CC=CCC=CCC=CCC=CCC=CCC=CCCCC,[M+Na]+,307.7
1733,COc1cc([C@H]2Oc3cc([C@H]4Oc5cc(O)cc(O)c5C(=O)[C@@H]4O)ccc3O[C@@H]2CO)ccc1O,[M+H]+,213.6
2727,CC(=O)N[C@@H](CCC(=O)O)C(=O)O,[M+H]+,139.0333333
1024,CCCCC[C@H](O)/C=C/[C@H]1CC2CC(C2)[C@@H]1C/C=C\CCCC(=O)O,[M+Na]+,203.6
2480,CCCc1cc(=O)[nH]c(=S)[nH]1,[M+H]+,134.7
1484,Nc1ccc(S(=O)(=O)Nc2nccs2)cc1,[M+H]+,149.5
1612,C[C@H](CCC(=O)NCCS(=O)(=O)O)[C@H]1CC[C@H]2[C@@H]3[C@@H](O)C[C@@H]4C[C@H](O)CC[C@]4(C)[C@H]3CC[C@@]21C,[M-H]-,207.6
1074,CCCCCCCCCCCCCCCC(=O)O[C@H](CC(=O)[O-])C[N+](C)(C)C,[M+H]+,214
1157,N[C@@H](CS)C(=O)NCC(=O)O,[M-H]-,131.7737492
2922,CCCCCCCCCCCCC=CC[C@@H](O)[C@H](CO)NC(=O)CC=CCCCCCCCCCCCCCCCCCC,[M-H]-,260
1396,CC/C=C\C/C=C\C/C=C\CCCCCCCC(=O)O[C@@H](CO)COC(=O)CCCCCCCCCCCCCCC,[M-H]-,247.2
1797,O=S(=O)(O)Oc1c[nH]c2ccccc12,[M-H]-,141.9480955
1445,CCCCC/C=C\C[C@@H](O)/C=C/C=C/C=C\[C@@H](O)CCCC(=O)O,[M+Na]+,196.0481839
3683,CCCC/C=C\C/C=C\CCCCCCCC(=O)OC[C@H](COP(=O)([O-])OCC[N+](C)(C)C)OC(=O)CCCCCCCCCCCCCCCCC,[M+H]+,288.86
2010,N=C(N)NCCC[C@H](NC(=O)[C@H](CC(=O)O)NC(=O)[C@H](CO)NC(=O)[C@H](CO)NC(=O)[C@@H](N)Cc1ccccc1)C(=O)O,[M+H]+,237.3
3490,CCCCCCCC/C=C\CCCCCCCCCC(=O)O[C@H](COC(=O)CCCCCCCCCCCCC)COP(=O)(O)OC[C@H](N)C(=O)O,[M+Na]+,283.92
963,CC(=O)[C@H]1CC[C@H]2[C@@H]3CCC4=CC(=O)CC[C@]4(C)[C@H]3CC[C@]12C,[M+H]+,181.2
1404,c1ccc2[nH]c(-c3cscn3)nc2c1,[M+Na]+,158.2833334
3282,CCCC/C=C\CCCCCCCC(=O)OC[C@H](COP(=O)(O)OCCN)OC(=O)CCCCCC/C=C\C/C=C\C/C=C\CCCCC,[M+H]+,267.7
2711,Cc1ncc(COP(=O)(O)O)c(C=O)c1O,[M+H]+,151.67
2140,CN(C)CC(=O)O,[M+H]+,117.85
3484,O=C(O)Cc1cnc[nH]1,[M+Na]+,148.0333333
2677,CCCCC/C=C\C[C@@H](O)/C=C/C=C\C/C=C\CCCC(=O)O,[M+Na]+,194.4
1152,O=C(O)Cc1ccc(O)cc1,[M-H]-,128.6
2373,O=C(O)C1CCCCN1,[M+H]+,127.85
1448,CCCCCCCCCCCCCCCCC(=O)O[C@H](COC(=O)CCCCCCCCCCC)COP(=O)(O)OCCN,[M+Na]+,264.95
1429,S=c1[nH]c2ccccc2s1,[M+H]+,126.4
1465,CC/C=C\C/C=C\C/C=C\C/C=C\C/C=C\C/C=C\CCC(=O)OC[C@H](COP(=O)(O)OC[C@H](N)C(=O)O)OC(=O)CCC/C=C\C/C=C\C/C=C\C/C=C\C/C=C\CC,[M+Na]+,294.2
3081,O=c1ccc2ccc(OCCCCN3CCN(c4cccc(Cl)c4Cl)CC3)cc2[nH]1,[M+H]+,202.4
2294,O=c1nc[nH]c2c1ncn2[C@@H]1O[C@H](COP(=O)(O)O)[C@@H](O)[C@H]1O,[M-H]-,171.2
2744,CNCCc1c[nH]c2ccccc12,[M+H]+,142.5
3303,Nc1ccccc1C(=O)CC(N)C(=O)O,[M+Na]+,152.95
156,C[C@H]1[C@H]2[C@H](C[C@H]3[C@@H]4CC=C5C[C@@H](O)CC[C@]5(C)[C@H]4CC[C@@]32C)O[C@]12CC[C@@H](C)CO2,[M+H]+,208.4
1084,CCCCCCCC/C=C\CCCCCCCCCC(=O)OC[C@H](COP(=O)(O)OCCN)OC(=O)CCCCCCCCCCCCC,[M+H]+,275.72
3071,Cc1cn([C@H]2C[C@H](O)[C@@H](COP(=O)(O)O)O2)c(=O)[nH]c1=O,[M+Na]+,170
2111,CC(O)(CC(=O)O)CC(=O)O,[M-H]-,125.0803831
583,OC[C@H]1O[C@@](CO)(O[C@H]2O[C@H](CO[C@H]3O[C@H](CO)[C@H](O)[C@H](O)[C@H]3O)[C@@H](O)[C@H](O)[C@H]2O)[C@@H](O)[C@@H]1O,[M+H]+,209
2087,O=c1ccn([C@H]2C[C@H](O)[C@@H](COP(=O)(O)O)O2)c(=O)[nH]1,[M-H]-,156.0041583
366,O=C1OC(CN2CCOCC2)CN1/N=C/c1ccc([N+](=O)[O-])o1,[M+H]+,166.9
2910,CCC(C)[C@H](NC(=O)[C@@H](N)CCC(N)=O)C(=O)N[C@@H](CO)C(=O)N[C@H](C(=O)N[C@@H](CCCNC(=N)N)C(=O)O)C(C)C,[M+H]+,241.4
389,O=C([O-])[C@@H](O)[C@@H](O)C(=O)[O-],[M-H]-,118.1
3098,CCCCC/C=C\C/C=C\C/C=C\CCCCC(=O)OC[C@@H](O)COP(=O)([O-])OCC[N+](C)(C)C,[M+Na]+,228.97
2289,CC1=NS(=O)(=O)c2cc(Cl)ccc2N1,[M+H]+,143.7
1103,C=C1CC2OC2(C)CC[C@@H]2[C@@H]1CC2(C)C,[M+H]+,144.2
1135,O=C(O)[C@H]1O[C@H](O)[C@H](O)[C@@H](O)[C@H]1O,[M+Na]+,145.3
1765,N[C@H](CO)Cc1cnc[nH]1,[M+Na]+,136.5666667
2046,CCCCCCCC/C=C\CCCCCCCC(=O)OCC(O)CO,[M+Na]+,197.3
3204,CCC=CCC=CCC(=O)OC[C@H](COP(=O)(O)OCC[N+](C)(C)C)OC(=O)CC=CCC=CCC,[M+H]+,220.8
1412,CCCCC/C=C\C/C=C\C/C=C\C/C=C\CCCCCC(=O)O[C@H](COC(=O)CCCCCCCCCCC/C=C\C/C=C\CCCCC)COP(=O)(O)OCCN,[M-H]-,285.57
1848,CCC(Cc1c(I)cc(I)c(N)c1I)C(=O)O,[M+H]+,172.7
2904,CCCCCCCCC(=O)OC[C@H](COP(=O)(O)OCC(O)CO)OC(=O)CCCCCCCC,[M-H]-,224.9
2345,CCCCCC/C=C\CCCCCCCC(=O)O[C@H](COC(=O)CCCCCCC/C=C\CCCCCCCCC)COP(=O)(O)OC[C@H](N)C(=O)O,[M+H]+,278.4
1437,Cc1cc2nc3c(=O)[nH]c(=O)nc-3n(C[C@H](O)[C@H](O)[C@H](O)CO)c2cc1C,[M-H]-,186.1
879,CCCCCCCCC(=O)OC[C@H](COP(=O)(O)OCCN)OC(=O)CCCCCCCC,[M-H]-,218.1
131,O=C(O)CCC1=C(CC(=O)O)c2cc3nc(cc4[nH]c(cc5[nH]c(cc1n2)c(CC(=O)O)c5CCC(=O)O)c(CC(=O)O)c4CCC(=O)O)C(CC(=O)O)=C3CCC(=O)O,[M+H]+,285.1
2158,C[n+]1cccc(C(=O)[O-])c1,[M+H]+,124
1985,COC(=O)Cc1c[nH]c2ccccc12,[M+H]+,138.7
3380,CCCCC/C=C\CCCCCCCC(=O)OC[C@H](COP(=O)(O)OCCN)OC(=O)CCCCCCCCCCCCCCCCCCCCC,[M+Na]+,284.35
2090,OC[C@H]1O[C@H](O[C@H]2[C@H](O)[C@@H](CO)O[C@@]2(CO)O[C@H]2O[C@H](CO)[C@@H](O)[C@H](O)[C@H]2O)[C@H](O)[C@@H](O)[C@@H]1O,[M+Na]+,202.7
2261,COc1cc(O)c(C(C)=O)c(OC)c1,[M+H]+,135.9
1789,C[C@@H]1O[C@@H](Oc2c(-c3ccc(O)c(O)c3)oc3cc(O)cc(O)c3c2=O)[C@H](O)[C@H](O)[C@H]1O,[M+Na]+,205.9
1247,CCCCC/C=C\C/C=C\C/C=C\CCCCCCC(=O)OC[C@H](COP(=O)(O)OC[C@H](N)C(=O)O)OC(=O)CCCCCCC/C=C\C/C=C\CCCCC,[M+Na]+,291.76
1701,CC(C)[C@H](N)C(=O)N[C@@H](Cc1ccccc1)C(=O)N[C@@H](C)C(=O)N[C@@H](CC(=O)O)C(=O)N[C@@H](Cc1ccc(O)cc1)C(=O)N[C@@H](CCC(=O)O)C(=O)N[C@@H](CCC(=O)O)C(=O)N[C@@H](Cc1ccc(O)cc1)C(=O)N[C@H](C(=O)N[C@@H](CCCCN)C(=O)O)C(C)C,[M+H]+,366.4
98,C[N+](C)(C)CCCC(=O)[O-],[M+H]+,130.0485884
2991,C#C[C@]1(O)CC[C@H]2[C@@H]3CCC4=CC(=O)CC[C@@H]4[C@H]3CC[C@@]21CC,[M+H]+,178.6
1972,C=C[C@H]1[C@H](O[C@@H]2O[C@H](CO)[C@@H](O)[C@H](O)[C@H]2O)OC=C(C(=O)OC)[C@H]1CC=O,[M-H]-,191.59
2761,O=c1ccn([C@@H]2O[C@H](COP(=O)(O)OP(=O)(O)O)[C@@H](O)[C@H]2O)c(=O)[nH]1,[M-H]-,172.9
1962,CCCCC/C=C\C/C=C\CCCCCCCCCCCC(=O)O[C@H](COC(=O)CCCCCCC/C=C\C/C=C\CCCCC)COP(=O)(O)OCCN,[M+H]+,288.1
1693,CCCCC/C=C\C/C=C\C/C=C\C/C=C\CCCCCC(=O)O[C@H](COC(=O)CCCCCCCCCCC)COP(=O)(O)OC[C@@H](O)CO,[M-H]-,268.81
1343,CC(=O)Oc1cc(OC(C)=O)c2c(c1)O[C@H](c1ccc(OC(C)=O)c(OC(C)=O)c1)[C@H](OC(C)=O)C2,[M+H]+,207.3
1682,CC=CCC=CCC=CCC=CCC=CCC=CCC=CCC=CCC(=O)OC[C@H](COP(=O)(O)OC[C@H](N)C(=O)O)OC(=O)CC=CCC=CCC=CCC=CCC=CCC=CCC=CC,[M+Na]+,294.9
2634,CN1CC[C@]23c4c5ccc(O)c4O[C@H]2[C@@H](O)CC[C@H]3[C@H]1C5,[M+H]+,163.6
3546,CC(C)C[C@@H](NC(=O)OCC1c2ccccc2-c2ccccc21)C(=O)O,[M+Na]+,183.3
1254,C[C@@H]1NC(=O)N[C@@H]1CCCCCC(=O)O,[M+H]+,144.1
972,NCCOP(=O)(O)OP(=O)(O)OC[C@H]1O[C@@H](n2ccc(N)nc2=O)[C@H](O)[C@@H]1O,[M-H]-,188.2
2354,CC/C=C\C/C=C\C/C=C\CCCCCCCC(=O)OC[C@H](COP(=O)(O)OCCN)OC(=O)CCCCC/C=C\C/C=C\C/C=C\C/C=C\CCCCC,[M+H]+,281.69
527,CCCCC/C=C\C/C=C\CCCCCCCCCCCC(=O)O[C@H](COC(=O)CCCCCCCCCCCC)COP(=O)(O)O[C@H]1C(O)C(O)C(O)[C@@H](O)C1O,[M-H]-,290.65
381,COc1ccc(CCN(C)CCCC(C#N)(c2ccc(OC)c(OC)c2)C(C)C)cc1OC,[M+H]+,210.2
1974,CCCCCCCCCCCCCCCCCCCCCCCCCCCC(=O)OC[C@@H](O)COP(=O)(O)OCC[N+](C)(C)C,[M+H]+,271.49
1769,CC(=O)Oc1ccccc1C(=O)O,[M+Na]+,146.8
2198,C=CC(C)(C)C12CC3C(=O)N/C(=C/c4cnc[nH]4)C(=O)N3C1Nc1ccccc12,[M+H]+,179
619,CC(=O)Nc1ccc(S(=O)(=O)Nc2cc(C)on2)cc1,[M+H]+,171.4500015
3689,CC(CC(=O)O)C(=O)O,[M-H]-,124.3
215,CCCCCCCCCC/C=C\CCCCCCCCCC(=O)O[C@H](COC(=O)CCCCCCCCCCCCCCC)COP(=O)(O)OC[C@H](N)C(=O)O,[M-H]-,296.1
728,CCCCC/C=C\C/C=C\CCCC/C=C\CCCC(=O)O[C@H](COC(=O)CCCCCCCCCCCCCCCCC)COP(=O)([O-])OCC[N+](C)(C)C,[M+H]+,295.16
2207,C[C@H](NC(=O)[C@H](CC(=O)O)NC(=O)[C@H](C[C@@H](C)O)NC(=O)[C@H](Cc1ccc(O)cc1)NC(=O)[C@H](C[C@@H](C)O)NC(=O)[C@H](Cc1ccccc1)NC(=O)CNC(=O)[C@@H]1CCCN(C(=O)[C@H](C)NC(=O)[C@H](CCC(N)=O)NC(=O)CNC(=O)[C@@H](N)C[C@@H](C)O)C1)C(=O)N[C@@H](CC(N)=O)C(=O)N[C@@H](CCCCN)C(=O)O,[M+H]+,365.46
1436,CCCC=CCC=CCC(=O)OC[C@H](COP(=O)(O)O)OC(=O)CC=CCC=CCCC,[M-H]-,207.1
314,Nc1ncnc2c1ncn2[C@@H]1O[C@H](COP(=O)(O)OP(=O)(O)OC[C@@H](O)[C@@H](O)[C@@H](O)C=O)[C@@H](O)[C@H]1O,[M+H]+,211.4
1271,COc1ccc2c3c1O[C@H]1C(OC(C)=O)=CC[C@H]4[C@@H](C2)N(C)CC[C@]314,[M+H]+,178.2
3565,COC(=O)Nc1nc2ccccc2[nH]1,[M+H]+,134.94
671,CCCC/C=C\CCCCCCCC(=O)O[C@H](CO/C=C\CCCCCCCCCCCCCC)COP(=O)(O)OC[C@@H](O)CO,[M-H]-,255.3
1508,CC(=O)c1c(O)cc(O)cc1O,[M+H]+,129
3651,COc1nc(C)nc(NC(=O)NS(=O)(=O)c2ccccc2CCC(F)(F)F)n1,[M+H]+,187.01
2413,CCCCC/C=C\C/C=C\CCCCCCCCCCCC(=O)O[C@H](CO)COP(=O)(O)OCCN,[M-H]-,232.4
504,CCCCCCCC/C=C\CCCCCCCCCC(=O)O[C@H](COC(=O)CCCCCCCCC/C=C\CCCCCCCCCC)COP(=O)(O)OC[C@H](N)C(=O)O,[M+H]+,299.09
2449,NC(N)=NOCC[C@H](N)C(=O)O,[M+H]+,133.3
2612,COc1ccc2c(c1)OCC(Cc1ccc(OC)c(OC)c1)C2=O,[M+H]+,176.6
1088,CCCCC[C@H](O)/C=C/[C@H]1OC(O)C[C@H](O)[C@@H]1C/C=C\CCCC(=O)O,[M-H]-,194.44
3338,CCCCC/C=C\C/C=C\CCCCCCCCCC(=O)O[C@H](CO/C=C\CCCCCCCCCCCCCCCCCC)COP(=O)(O)OCCN,[M+H]+,290
2617,CCCCCC/C=C\CCCCCCCC(=O)O[C@H](COC(=O)CCCCCCCCCCCCCCC)COP(=O)(O)OC[C@H](N)C(=O)O,[M+H]+,275.8
2277,CON(C)C(=O)Nc1ccc(Br)cc1,[M+H]+,145.41
732,CCCCC/C=C\C/C=C\C/C=C\CCCCC(=O)OC[C@H](COP(=O)(O)OCCN)OC(=O)CCCCCCCCCCCCCCCC,[M-H]-,260.59
2209,CCCC=CCC=CCC=CCC=CCC=CCC=CCC=CCC(=O)O[C@H](COC(=O)CC=CCC=CCC=CCC=CCC=CCC=CCC=CCCCC)COP(=O)(O)OC[C@H](N)C(=O)O,[M+Na]+,314.6
3473,CC[C@H](C)[C@@H]1NC(=O)[C@H](Cc2ccc(O)cc2)NC(=O)[C@@H](N)CSSC[C@@H](C(=O)N2CCC[C@H]2C(=O)N[C@@H](CC(C)C)C(=O)NCC(N)=O)NC(=O)[C@H](CC(N)=O)NC(=O)[C@H](CCC(N)=O)NC1=O,[M+H]+,303.8
631,N[C@@H](CCC(=O)N[C@@H](CCC(=O)O)C(=O)O)C(=O)O,[M+H]+,162.6
731,N[C@@H](CCCC(=O)O)C(=O)O,[M+Na]+,142.2270928
2909,COc1c(O)cc2c(c1O)[C@@H]1O[C@H](CO)[C@@H](O)[C@H](O)[C@H]1OC2=O,[M+H]+,168.3
3573,CCCCCCCCCCCCCCCCCCCCCCCC(=O)N[C@@H](CO[C@@H]1O[C@H](CO)[C@@H](O)C(O)C1O)[C@H](O)CCCCCCCCCCCCCCC,[M+Na]+,305.67
2243,CCCCC/C=C\C/C=C\CCCCCCCCCCCC(=O)O[C@H](COC(=O)CCCCCCCCCCC)COP(=O)(O)OC[C@H](N)C(=O)O,[M+Na]+,280.53
1109,CS(=N)(=O)CCC(N)C(=O)O,[M-H]-,136.2
3923,COc1ccc2c3c1O[C@H]1[C@@H](O)C=C[C@H]4[C@@H](C2)NCC[C@]314,[M+H]+,166.1
2559,C=C(C)[C@H]1CN[C@H](C(=O)O)[C@H]1CC(=O)O,[M+H]+,144.2
2736,CCCCC/C=C\C/C=C\CCCCCCCC(=O)O[C@H](COC(=O)CCCCCCCCCCC)COP(=O)(O)O[C@H]1C(O)C(O)C(O)[C@@H](O)C1O,[M-H]-,283.6
10,CCCCC/C=C\C/C=C\C/C=C\CCCCC(=O)OC[C@H](COP(=O)(O)OCCN)OC(=O)CCCCCCCCCCCCC,[M-H]-,259.05
2227,CSc1nc(NC(C)C)nc(NC(C)C)n1,[M+H]+,160.6
258,CC(=O)[C@H]1CC[C@H]2[C@@H]3CC=C4C[C@@H](OS(=O)(=O)O)CC[C@]4(C)[C@H]3CC[C@]12C,[M-H]-,205.0535702
4013,CCCCCCCCCCCCCCCCOC[C@@H](O)COP(=O)(O)OCCN,[M+H]+,216.38
245,CCCCCCCCCCCCCCCC(=O)O[C@H](COCCCCCCCCCCCCCC)COP(=O)([O-])OCC[N+](C)(C)C,[M+H]+,280.8
1986,CCCCCCCCCCCCCC(=O)OC[C@H](COP(=O)([O-])OCC[N+](C)(C)C)OC(C)=O,[M+H]+,230.15
2968,CCCC/C=C\CCCCCCCC(=O)O[C@H](CO/C=C\CCCCCCCCCCCCCCCCCC)COP(=O)(O)OC[C@@H](O)CO,[M-H]-,266.58
4005,CCCCCC(=O)/C=C/C=C/CCCCCCCC(=O)O,[M+H]+,179.4
2868,CCCc1nc(C)c2c(=O)nc(-c3cc(S(=O)(=O)N4CCN(CC)CC4)ccc3OCC)[nH]n12,[M+H]+,225.8
3694,COc1c2ccoc2c(OC)c2oc(=O)ccc12,[M+H]+,146.5
3599,CCCC/C=C\CCCCCCCC(=O)OC[C@H](COP(=O)(O)O[C@H]1C(O)C(O)C(O)[C@@H](O)C1O)OC(=O)CCCCCCCCC/C=C\CCCCCCCCCC,[M-H]-,289.3
1028,CCCCCCCCCCCCCCCC(=O)O[C@H](COC(=O)CCCCCCCC[C@H](C)CCCCCCCC)COP(=O)(O)OCCN,[M-H]-,250.38
1895,CCCCC/C=C\CCCCCCCC(=O)OC[C@H](COP(=O)([O-])OCC[N+](C)(C)C)OC(=O)CCCCCCC/C=C\CCCCC,[M+H]+,273.66
3120,CC/C=C\C/C=C\C/C=C\C/C=C\CCCCC(=O)O[C@H](COC(=O)CCC/C=C\C/C=C\C/C=C\C/C=C\CCCCC)COP(=O)(O)OCCN,[M-H]-,273.3
1184,Nc1nccs1,[M+H]+,117.2
2843,COC1=C(OC)C(=O)C(CCCCCCCCCCO)=C(C)C1=O,[M+H]+,178.6
2239,CC(C)CCCC(C)CCCC(C)CCCC(C)CC(=O)O,[M-H]-,183.1718193
3124,Cn1c(=O)c2c(ncn2C)n(C)c1=O,[M+Na]+,142.9333333
2878,CCCCCCCCCCCCCCCCCCCCC(=O)O[C@H](COC(=O)CCCCCCCCCCC)COP(=O)(O)O,[M-H]-,254.5
2783,CC/C=C\C/C=C\C/C=C\C/C=C\C/C=C\CCCC(=O)O[C@H](COC(=O)CCCCCCC/C=C\CCCCCCC)COP(=O)([O-])OCC[N+](C)(C)C,[M+H]+,287.46
890,C[C@H](CCC(=O)NCCS(=O)(=O)O)[C@H]1CC[C@H]2[C@H]3[C@H](C[C@H](O)[C@@]21C)[C@@]1(C)CC[C@@H](O)C[C@H]1C[C@H]3O,[M+Na]+,211.15
1945,C[C@H](CCC(=O)O)[C@H]1CC[C@H]2[C@@H]3C(=O)C[C@@H]4C[C@H](O)CC[C@]4(C)[C@H]3CC(=O)[C@@]21C,[M+Na]+,204.8
2908,N[C@@H](CSSC[C@H](N)C(=O)O)C(=O)O,[M-H]-,143.695
3658,Cc1ccc(-c2cc(C(F)(F)F)nn2-c2ccc(S(N)(=O)=O)cc2)cc1,[M+H]+,186.25
1049,CC/C=C\C/C=C\C/C=C\CCCCCCCC(=O)O[C@H](COC(=O)CCCCCCCCC/C=C\CCCCCCCC)COP(=O)(O)OC[C@@H](O)CO,[M+Na]+,289
1567,CCCCCCCCCC/C=C\CCCCCCCCCC(=O)O[C@H](COC(=O)CCCCCCCCCCCCCCCCC)COP(=O)(O)O,[M-H]-,274.06
2509,OCc1nnc2n1-c1ccc(Cl)cc1C(c1ccccc1)=NC2,[M+H]+,173.3
993,CCCC/C=C\C/C=C\CCCCCCCC(=O)O[C@H](COCCCCCCCCCCCCCCCCCC)COP(=O)(O)OCCN,[M-H]-,264.56
2748,O=P(O)(O)OC[C@H]1O[C@H](O[C@H]2O[C@H](CO)[C@@H](O)[C@H](O)[C@H]2O)[C@H](O)[C@@H](O)[C@@H]1O,[M+Na]+,192.4288329
3850,CCc1cccc2c3c([nH]c12)C(CC)(CC(=O)O)OCC3,[M+H]+,164.4
2766,O=C(O)CNC(=O)c1cccnc1,[M+H]+,143.6
2447,CCCCCCCC/C=C\CCCCCCCCCC(=O)O[C@H](COC(=O)CCCCCCCCCCCCCC)COP(=O)(O)O[C@H]1C(O)C(O)C(O)[C@@H](O)C1O,[M-H]-,286.9
3823,CC1=C(/C=C/C(C)=C\C=C\C(C)=C\C=O)C(C)(C)CCC1,[M+H]+,170.1
3348,CC/C=C\C/C=C\C/C=C\C/C=C\CCCCC(=O)O[C@H](CO/C=C\CCCCCCCCCCCCCCCC)COP(=O)(O)OCCN,[M+H]+,273.9
1305,CCCCCCCCCCCCC=CC[C@@H](O)[C@H](CO)NC(=O)CCCCCCCCCCCCCCC,[M+H]+,253.6
542,COc1cc(OC)c2c(c1)OC(c1ccccc1)CC2=O,[M+H]+,162.8
3468,CCCCCCCCCC/C=C\CCCCCCCCCC(=O)OC[C@H](COP(=O)(O)OCCN)OC(=O)CCCCCCCCCCCCCCCC,[M-H]-,289.1
3343,CC(CN1CCN(CCOCCO)CC1)CN1c2ccccc2Sc2ccccc21,[M+H]+,201
3743,CCCCCCCCCCCCC=CC[C@@H](O)[C@H](CO[C@@H]1O[C@H](CO)[C@@H](O)C(O)C1O)NC(=O)CCCCCCCCCCCCCCCCCCC,[M+H]+,290.525
2108,CC/C=C\C/C=C\C/C=C\C/C=C\C/C=C\CCCC(=O)OC[C@H](COP(=O)(O)OCCN)OC(=O)CCCCCCCCC/C=C\CCCCCCCC,[M+H]+,284.82
1604,C=CC1=C(C(=O)O)N2C(=O)[C@@H](NC(=O)/C(=N\O)c3csc(N)n3)[C@H]2SC1,[M+H]+,190.5
2436,Cc1nnc(-c2ccccc2)c(=O)n1N,[M+H]+,140.93
2113,CCCCC/C=C\C/C=C\C/C=C\CCCCC(=O)OC[C@H](COP(=O)([O-])OCC[N+](C)(C)C)OC(=O)CCCCCCCCC/C=C\C/C=C\CCCCC,[M-H]-,289.3
1363,CN(C)C(=O)Nc1ccc(Cl)c(Cl)c1,[M+H]+,151.6598668
201,CC/C=C\C/C=C\C/C=C\CCCCCCCCCC(=O)NCCO,[M+H]+,195.34
1929,CCCC/C=C\CCCCCCCC(=O)OC[C@H](COP(=O)(O)OC[C@@H](O)CO)OC(=O)CCCCCCCCC/C=C\C/C=C\CCCCC,[M+Na]+,275.1
3273,COc1cc2nc(N3CCN(C(=O)C4COc5ccccc5O4)CC3)nc(N)c2cc1OC,[M+H]+,202.9
3937,CSCC[C@H](NC(=O)CC[C@H](N)C(=O)O)C(=O)O,[M+H]+,165.1
1034,CCCCCC/C=C\CCCCCCCC(=O)OC[C@H](COP(=O)(O)OCCNC(=O)CCCCCCCCCCCCCCC)OC(=O)CCCCCCCCCCCCCCCCC,[M-H]-,323.73
3687,O=c1[nH]cnc2c1ncn2[C@@H]1O[C@H](COP(=O)([O-])[O-])[C@@H](O)[C@H]1O,[M+Na]+,174.566665
217,CCCCCCCCCCCCC=CC[C@@H](O)[C@H](COP(=O)([O-])OCC[N+](C)(C)C)NC(=O)CC=CCC=CCCCCCCCCCCCCCCC,[M+H]+,294.6
2864,N[C@@H](Cc1cc(I)c(Oc2ccc(O)cc2)c(I)c1)C(=O)O,[M+Na]+,189.4
1853,CC(C)=CCC[C@@H](C)[C@H]1CC[C@H]2[C@@H]3CC=C4C[C@@H](O)CC[C@]4(C)[C@H]3CC[C@@]21C,[M-H]-,210.0490615
3043,CCCCC/C=C\C/C=C\CCCCCCCC(=O)OC[C@H](COP(=O)(O)O[C@H]1C(O)C(O)C(O)[C@@H](O)C1O)OC(=O)CCCCCCC/C=C\C/C=C\CCCCC,[M-H]-,283.365
695,CC(=O)N[C@@H](Cc1c[nH]c2ccccc12)C(N)=O,[M+Na]+,159.3
769,O=C(C1CCCCC1)N1CC(=O)N2CCc3ccccc3C2C1,[M+H]+,176.5
242,CCCCCCCCCCCCCCCCCCCCCCCCCC(=O)OC[C@@H](O)COP(=O)(O)OCC[N+](C)(C)C,[M+Na]+,268.21
3642,O=C1C(CCS(=O)c2ccccc2)C(=O)N(c2ccccc2)N1c1ccccc1,[M+H]+,193.5
1119,CCCCCCCCCCCC=CCC=CCC=CCC=CCC=CCC(=O)OC[C@H](COP(=O)(O)OCCN)OC(=O)CC=CCC=CCC=CCC=CCCCCCCCCCCCCC,[M-H]-,308.8
1678,NCCCNCCCCNCCCN,[M+Na]+,151.5
1433,CC/C=C\C/C=C\C/C=C\C/C=C\C/C=C\C/C=C\CCC(=O)O[C@H](CO/C=C\CCCCCC/C=C\CCCCCCCC)COP(=O)(O)OCCN,[M+H]+,283
141,CS(=N)(=O)CC[C@H](N)C(=O)O,[M+H]+,139.3
1187,CCn1cc(C(=O)O)c(=O)c2cnc(N3CCNCC3)nc21,[M+H]+,172.65
1550,CC(C)=CCC[C@]1(C)C=Cc2c(O)c3c(c(CC=C(C)C)c2O1)O[C@]12C(=C[C@@H]4C[C@H]1C(C)(C)O[C@@]2(C/C=C(/C)C(=O)O)C4=O)C3=O,[M+H]+,239
1100,CCCCCCCCCCCCCCCCCCCCCC(=O)OC[C@H](COP(=O)(O)OCCN)OC(=O)CCCCCCCCCCC,[M+H]+,278.9
1562,CCCCC/C=C\C/C=C\CCCCCCCCCCCC(=O)O[C@H](COC(=O)CCCCCCCCCCCCCCCCC)COP(=O)(O)O[C@H]1C(O)C(O)C(O)[C@@H](O)C1O,[M+Na]+,300
1146,CCCC/C=C\CCCCCCCC(=O)OC[C@H](COP(=O)(O)OC[C@@H](O)CO)OC(=O)CCCCCCCCCCCCCCCCCCCC,[M-H]-,273.2
2022,Nc1c(Cl)c(Cl)nc(C(=O)O)c1Cl,[M+H]+,142.8303179
1963,CN(C)CCC=C1c2ccccc2CCc2ccccc21,[M+H]+,167.2
3787,C[C@H]1CCCC(=O)CCC/C=C\c2cc(O)cc(O)c2C(=O)O1,[M-H]-,167
828,OCC1(O)OC[C@H](O)[C@@H](O)[C@@H]1O,[M+Na]+,141.35
736,CCOc1ccc2c(c1)C(C)=CC(C)(C)N2,[M+H]+,152.6
2563,CCCCC/C=C\C/C=C\C/C=C\C=C\[C@@H](O)CCCC(=O)O,[M+Na]+,188.2062566
1148,N[C@@H](CCOC(=O)CCC(=O)O)C(=O)O,[M+Na]+,146.4602284
3701,CCCCCCCCCCCCCCCC/C=C\OC[C@H](COP(=O)(O)OCCN)OC(=O)CCCCCCCCCCCCCCCCCC,[M+H]+,286.49
629,CCCCC/C=C\C/C=C\C/C=C\C/C=C\CCCCCC(=O)OC[C@@H](O)COP(=O)(O)OCCN,[M-H]-,225.3
2685,CC(C)C1(C)N=C(c2ncccc2C(=O)O)NC1=O,[M-H]-,164.95
713,CC/C=C\C/C=C\C/C=C\C/C=C\C/C=C\C/C=C\CCC(=O)O[C@H](COC(=O)CCCCCCCCC/C=C\C/C=C\CCCCC)COP(=O)(O)OCCN,[M+H]+,290
3124,Cn1c(=O)c2c(ncn2C)n(C)c1=O,[M+H]+,140.05
3486,CCCCC/C=C\C/C=C\CCCCCCCC(=O)OC[C@H](COP(=O)(O)OCCN)OC(=O)CCCCCCCCC/C=C\CCCCCCCCCC,[M+H]+,291.95
2448,CCCCCCCCCCCCCCCCCCCCCCC(=O)OC[C@@H](O)COP(=O)(O)OCC[N+](C)(C)C,[M+Na]+,257.66
1270,CC/C=C\C/C=C\C/C=C\C/C=C\CCCCC(=O)O[C@H](COC(=O)CCCCCC/C=C\C/C=C\C/C=C\CCCCC)COP(=O)([O-])OCC[N+](C)(C)C,[M+H]+,288.75
2139,OC[C@H]1O[C@@H](O[C@@H]2[C@@H](CO)O[C@H](O)[C@H](O)[C@H]2O)[C@H](O)[C@@H](O)[C@@H]1O,[M+Na]+,175.7
152,CCCCC/C=C\C/C=C\CCCCCCCCCCCC(=O)O[C@H](COC(=O)CCCCCCCCCCCCCCCCCCC)COP(=O)(O)OC[C@H](N)C(=O)O,[M+Na]+,302
1585,CC1=C(CC(=O)O)c2cc(F)ccc2/C1=C\c1ccc(S(C)=O)cc1,[M+H]+,192.1
1181,Cc1cnc(NC(=O)C2=C(O)c3ccccc3S(=O)(=O)N2C)s1,[M+H]+,173.9
1262,CCCCCCCCCCCCCCOC[C@H](COP(=O)([O-])OCC[N+](C)(C)C)OC(C)=O,[M+H]+,229.75
2654,COc1ccc2[nH]cc(CCN(C)C)c2c1,[M-H]-,153.7590478
1196,C(=C/N1CCN(C(c2ccccc2)c2ccccc2)CC1)\Cc1ccccc1,[M+H]+,203.6
690,NCCP(=O)(O)O,[M+Na]+,136.5
2855,NC[C@H](O)CC[C@H](N)C(=O)O,[M-H]-,132.8475208
274,N[C@@H](Cc1c[nH]c2ccc(O)cc12)C(=O)O,[M+Na]+,154.3349548
1638,CCCCC/C=C\C/C=C\CCCCCCCCCCCC(=O)O[C@H](COC(=O)CCCCCCCCCCCCCCCCC)COP(=O)(O)OC[C@H](N)C(=O)O,[M-H]-,300.85
1572,CCCCCCCCCC/C=C\CCCCCCCCCC(=O)OC[C@@H](O)COP(=O)(O)OC[C@H](N)C(=O)O,[M-H]-,234.2
2096,CCCCCCCCCCCCCCCCC(=O)OC[C@H](COP(=O)(O)OC[C@H](N)C(=O)O)OC(=O)CCCCCCCCCCCCCCCC,[M-H]-,271.21
2980,CCCCCCCCCCCCC/C=C/[C@@H](O)[C@H](CO)NC(=O)CCCCCCCCCCCCCCCCC,[M+Na]+,256.4
1732,CC/C=C\C/C=C\C/C=C\C/C=C\C/C=C\C/C=C\CCC(=O)OC[C@H](COP(=O)([O-])OCC[N+](C)(C)C)OC(=O)CCCCCCC/C=C\CCCCCCC,[M+H]+,292.925
1597,CCCCC/C=C\C/C=C\C/C=C\CCCCCCC(=O)O[C@H](COC(=O)CCCCCCCCCCCC)COP(=O)(O)OCCN,[M-H]-,255.82
1367,CCCCCCCC/C=C\CCCCCCCC(=O)O[C@H](COC(=O)CCCCCCCCCCCCCCCC)COP(=O)([O-])OCC[N+](C)(C)C,[M+H]+,287.905
2850,CCCCOC(=O)[C@@H](C)Oc1ccc(Oc2ccc(C(F)(F)F)cn2)cc1,[M+H]+,194.8
747,Nc1nc2c(ncn2[C@@H]2O[C@H](COP(=O)(O)O)[C@@H](O)[C@H]2O)c(=O)[nH]1,[M+Na]+,177.9514285
1371,Oc1c(Cl)cc(Cl)c2cccnc12,[M+H]+,134.3
2103,CCCCCCCCCCCCC=CC[C@@H](O)[C@H](CO[C@@H]1O[C@H](CO)[C@@H](O)C(O)C1O)NC(=O)CCCCCCCCCCCCCCCCCCCCC,[M+Na]+,296.5
568,CCCCCCCCCCCCCCCC(=O)O[C@H]1CC[C@@]2(C)C(=CC[C@@H]3[C@@H]2CC[C@@]2(C)[C@H]3CC[C@@H]2[C@H](C)CCCC(C)C)C1,[M+Na]+,286.3
3246,COc1ccc(-c2coc3cc(O)cc(O)c3c2=O)cc1,[M+H]+,160.9
85,CC/C=C\C/C=C\C/C=C\CCCCCCCC(=O)O[C@H](CO/C=C\CCCCCCCCCCCCCCCC)COP(=O)(O)OCCN,[M-H]-,268.4
1398,CCCC/C=C\C/C=C\CCCCCCCC(=O)O[C@H](COC(=O)CCCCCCCCCCCCCCCCCC)COP(=O)(O)OC[C@H](N)C(=O)O,[M-H]-,275.375
699,Cc1c(Cl)cccc1Nc1ccccc1C(=O)O,[M+H]+,154.65
1099,CCCCC/C=C\C/C=C\CCCCCCCCCC(=O)O[C@@H](CO)COC(=O)CCCCCCCCCCCC,[M-H]-,254.1
639,CCCCC/C=C\C/C=C\CCCCCCCCCCCC(=O)OC[C@@H](O)COP(=O)([O-])OCC[N+](C)(C)C,[M+H]+,241.91
701,C=C[C@@](C)(O)CCC1C(=C)C[C@H](O)C2C(C)(C)CCCC12C,[M+H]+,176.2
2996,CC/C=C\C/C=C\C/C=C\C/C=C\CCCCC(=O)OC[C@H](COP(=O)(O)OC[C@@H](O)CO)OC(=O)CCCC/C=C\C/C=C\C/C=C\CCCCC,[M-H]-,272.9
3492,C[C@H](CCC(=O)O)[C@H]1CC[C@H]2[C@H]3[C@H](C[C@H](O)[C@@]21C)[C@@]1(C)CC[C@@H](O)C[C@H]1C[C@H]3O,[M-H]-,203.1
3202,CC(=O)N[C@@H](Cc1ccccc1)C(=O)O,[M+Na]+,149.8
1415,CCCCCCCCCCCCCCC[C@@H](O)[C@H](COP(=O)([O-])OCC[N+](C)(C)C)NC(=O)CCCCCCCCCCC,[M+H]+,276.3
3780,CSCC[C@H](NC(=O)[C@H](CC(C)C)NC(=O)CNC(=O)[C@H](Cc1ccccc1)NC(=O)[C@H](Cc1ccccc1)NC(=O)[C@H](CCC(N)=O)NC(=O)[C@H](CCC(N)=O)NC(=O)[C@@H]1CCCN1C(=O)[C@H](CCCCN)NC(=O)[C@@H]1CCCN1C(=O)[C@@H](N)CCCN=C(N)N)C(N)=O,[M+H]+,362.51
3950,NCCc1cnc[nH]1,[M+H]+,120.2
2590,CN(C)CCc1c[nH]c2cccc(OP(=O)(O)O)c12,[M+H]+,157.3
1230,CCCCCCCC/C=C\CCCCCCCC(=O)OC[C@@H](O)COP(=O)(O)OC[C@@H](O)CO,[M-H]-,219.5
3323,OCCc1c[nH]c2ccc(O)cc12,[M+H]+,138.7
2378,CC(C)(C#N)O[C@@H]1O[C@H](CO)[C@@H](O)[C@H](O)[C@H]1O,[M+Na]+,157.3
3983,CCCCCCCCCCCCCCCC(=O)OCC(COP(=O)([O-])OCC(O)COC(=O)C(N)CCCC[NH3+])OC(=O)CCCCCCCCCCCCCCC,[M+H]+,297
3775,CC/C=C\C/C=C\C/C=C\C/C=C\CCCCC(=O)OC[C@H](COP(=O)(O)OC[C@@H](O)CO)OC(=O)CCCCCCCCC/C=C\CCCCCCCC,[M+Na]+,287.35
2358,O=C(O)C1=C[C@@H](O)[C@@H](O)[C@H](O)C1,[M+H]+,149.4993074
2949,CCCC/C=C\CCCCCCCC(=O)O[C@H](COCCCCCCCCCCCCCCCC)COP(=O)(O)OC[C@@H](O)CO,[M-H]-,256.91
836,C[C@H](CCC(=O)O)[C@H]1CC[C@H]2[C@@H]3C[C@H](O)[C@@H]4C[C@H](O)CC[C@]4(C)[C@H]3CC[C@@]21C,[M-H]-,199.2
2081,CCCCCCCCCCCCC=CC[C@@H](O)[C@H](CO[C@@H]1O[C@H](CO)[C@@H](O)C(O)C1O)NC(=O)CC=CCCCCCCCCCCCCCC,[M+H]+,281.8
3411,CC/C=C\C/C=C\C/C=C\C/C=C\C/C=C\CCCC(=O)OC[C@H](COP(=O)(O)OCCN)OC(=O)CCCCCCC/C=C\CCCCCCCCC,[M-H]-,270.58
3283,CCCCC/C=C\C/C=C\CCCCCC/C=C\CCCC(=O)O,[M-H]-,184.27
2228,CCCCC/C=C\C/C=C\C/C=C\C/C=C\CCCC(=O)O[C@H](COC(=O)CCCCCC/C=C\C/C=C\C/C=C\CCCCC)COP(=O)(O)O[C@H]1C(O)C(O)C(O)[C@@H](O)C1O,[M-H]-,302.4
1049,CC/C=C\C/C=C\C/C=C\CCCCCCCC(=O)O[C@H](COC(=O)CCCCCCCCC/C=C\CCCCCCCC)COP(=O)(O)OC[C@@H](O)CO,[M-H]-,278.7
1026,CCCCCCCC/C=C\CCCCCCCC(=O)O[C@H](COC(=O)CCCCCCCCCCCCCCCCCC)COP(=O)(O)OC[C@@H](O)CO,[M-H]-,278
3233,C[C@H]1CCC[C@H](O)CCC/C=C/c2cc(O)cc(O)c2C(=O)O1,[M-H]-,173
826,CCCCC/C=C\C/C=C\C/C=C\CCCCCCC(=O)O[C@H](COC(=O)CCCCCCC/C=C\CCCCCCCC)COP(=O)(O)OC[C@H](N)C(=O)O,[M+H]+,284.44
3383,OCC1OC(OC2C(CO)OC(OC3C(CO)OC(OC4C(CO)OC(OC5C(CO)OC(OC6C(CO)OC(OC7C(CO)OC(OC8C(CO)OC(O)C(O)C8O)C(O)C7O)C(O)C6O)C(O)C5O)C(O)C4O)C(O)C3O)C(O)C2O)C(O)C(O)C1O,[M+Na]+,329.85
888,CC(Oc1ccc(Oc2ncc(C(F)(F)F)cc2Cl)cc1)C(=O)O,[M+H]+,179.86
3692,N#CC(O)c1ccccc1,[M+H]+,128.9
1680,CCCCCC/C=C\CCCCCCCC(=O)OC[C@H](COP(=O)([O-])OCC[N+](C)(C)C)OC(C)=O,[M+H]+,232.5
1246,NC(=O)N[C@@H](CC(=O)O)C(=O)O,[M+Na]+,139.1
3750,CCCCCCCCCc1ccc(OCCOCCOCCOCCOCCOCCOCCOCCOCCO)cc1,[M+H]+,245.8
2003,O=C(O)/C=C/c1cnc[nH]1,[M+H]+,134.6
3830,CCN(CC)CCN1C(=O)CN=C(c2ccccc2F)c2cc(Cl)ccc21,[M+H]+,185.3
2570,COc1cc(-c2coc3cc(O[C@@H]4O[C@H](CO)[C@@H](O)[C@H](O)[C@H]4O)c(OC)c(O)c3c2=O)cc(O)c1OC,[M+H]+,227.2
2273,N=C(N)NCCC[C@H](NC(=O)CNC(=O)[C@H](CC(=O)O)NC(=O)[C@@H](N)CO)C(=O)NCC(=O)O,[M+Na]+,203.5
2858,CC1=CC(=O)CC(C)(C)C1(O)/C=C/C(C)=C\C(=O)O,[M+H]+,160.5584358
3536,Oc1ccc(O)cc1,[M-H]-,119.07
672,OC[C@H]1O[C@H](O[C@]2(CO[C@]3(CO)O[C@H](CO)[C@@H](O)[C@@H]3O)O[C@H](CO)[C@@H](O)[C@@H]2O)[C@H](O)[C@@H](O)[C@@H]1O,[M-H]-,202.78
1276,CCCCC/C=C\C/C=C\C/C=C\C/C=C\CCCCCC(=O)OC[C@@H](COC(=O)CCCCCCCCCCCCC)OC(=O)CCCCCCCCCCCCC,[M+Na]+,310.33
628,COc1cc2c(c3oc(=O)c4c(c13)CCOC4=O)C1C=COC1O2,[M+H]+,164
3260,OC[C@H]1O[C@H](O[C@@H]2[C@@H](CO)O[C@H](O[C@@H]3[C@@H](CO)O[C@H](O[C@@H]4[C@@H](CO)O[C@H](O[C@@H]5[C@@H](CO)O[C@H](O[C@@H]6[C@@H](CO)O[C@H](O[C@@H]7[C@@H](CO)O[C@H](O)[C@H](O)[C@H]7O)[C@H](O)[C@H]6O)[C@H](O)[C@H]5O)[C@H](O)[C@H]4O)[C@H](O)[C@H]3O)[C@H](O)[C@H]2O)[C@H](O)[C@@H](O)[C@@H]1O,[M+H]+,303.3
2362,CCCCCCCCCCCCCCCCCCC(=O)OC[C@H](CO[C@@H]1O[C@H](CO[C@H]2O[C@H](CO)[C@H](O)C(O)C2O)[C@H](O)C(O)C1O)OC(=O)CCCCCCCCCCCCCCCCC,[M+Na]+,314.2
657,CC(=O)N[C@H]1C(O)O[C@H](CO)[C@@H](O)[C@@H]1O,[M+H]+,147.3
1155,C/C=C\C/C=C\C/C=C\C/C=C\C/C=C\C/C=C\CCCC(=O)O,[M-H]-,181.47
157,c1cncc(C2CCCCN2)c1,[M+H]+,140.1828296
3638,O=C1C(=O)c2cccc3cccc1c23,[M+H]+,145.5113187
474,CC(C(=O)O)c1cccc(C(=O)c2ccccc2)c1,[M+H]+,156.45
1954,O=C(O)c1cccc(O)c1[O-],[M-H]-,120.6
785,CCCCCCCCCCCCC=CC[C@@H](O)[C@H](COP(=O)([O-])OCC[N+](C)(C)C)NC(=O)CC=CCCCCCCCCCCCCCC,[M+Na]+,285.61
2090,OC[C@H]1O[C@H](O[C@H]2[C@H](O)[C@@H](CO)O[C@@]2(CO)O[C@H]2O[C@H](CO)[C@@H](O)[C@H](O)[C@H]2O)[C@H](O)[C@@H](O)[C@@H]1O,[M+H]+,202.6
2082,CCCCCCCCCCCCC=CC[C@@H](O)[C@H](CO)NC(=O)CCCCCCCCCCCCCCCCCCCCCCC,[M+H]+,279.2
2183,CN[C@@H]1[C@@H](O[C@H]2O[C@H](CO)[C@@H](N)[C@H](O)[C@H]2O)O[C@H]2C[C@@H](N)[C@@H](O[C@@H]3[C@@H](N)C[C@@H](N)[C@H](O)[C@H]3O)O[C@@H]2[C@@H]1O,[M+H]+,232.9
3614,COc1ccc(C(CN(C)C)C2(O)CCCCC2)cc1,[M+H]+,170.2
3406,CCCCC/C=C\C/C=C\C/C=C\CCCCC(=O)O[C@H](COC(=O)CCCCCCC/C=C\CCCCC)COP(=O)([O-])OCC[N+](C)(C)C,[M+H]+,280.15
3928,NC(=O)Cc1c[nH]c2ccccc12,[M+Na]+,143.4
603,O=C(O)CCC(=O)C(=O)O,[M-H]-,122.665
3988,CN(C)CCc1c[nH]c2ccccc12,[M+H]+,143.5
4009,C[C@H](CCC(=O)O)[C@H]1CC[C@H]2[C@@H]3[C@H](O)[C@H](O)[C@@H]4C[C@H](O)CC[C@]4(C)[C@H]3CC[C@@]21C,[M-H]-,198.05
3260,OC[C@H]1O[C@H](O[C@@H]2[C@@H](CO)O[C@H](O[C@@H]3[C@@H](CO)O[C@H](O[C@@H]4[C@@H](CO)O[C@H](O[C@@H]5[C@@H](CO)O[C@H](O[C@@H]6[C@@H](CO)O[C@H](O[C@@H]7[C@@H](CO)O[C@H](O)[C@H](O)[C@H]7O)[C@H](O)[C@H]6O)[C@H](O)[C@H]5O)[C@H](O)[C@H]4O)[C@H](O)[C@H]3O)[C@H](O)[C@H]2O)[C@H](O)[C@@H](O)[C@@H]1O,[M+Na]+,303.1
3647,CCCCCCCCCCCCCCCCCCCC(=O)OC[C@H](COP(=O)([O-])OCC[N+](C)(C)C)OC(=O)CCCCCCCCCCCCCCCCCCC,[M+Na]+,309.88
2256,CCCCCC/C=C\CCCCCCCC(=O)OC[C@H](COP(=O)(O)OC[C@@H](O)CO)OC(=O)CCCCCCCCCCCCCCCCCCC,[M+Na]+,287.5
3454,Cc1cc(=O)n(-c2ccccc2)n1C,[M+H]+,137.75
833,CCCCCCCCCCCCC=CC[C@@H](O)[C@H](COP(=O)([O-])OCC[N+](C)(C)C)NC(=O)CCCCCCCCCCCCCCCCCC,[M+Na]+,290.075
3127,CC=CCC=CCC=CCC=CCC=CCC=CCC=CCC(=O)OC[C@H](COP(=O)(O)OC[C@H](N)C(=O)O)OC(=O)CC=CCC=CCC=CCC=CCC=CCC=CCCC,[M+H]+,286.36
3623,CCCCCCCCCCCCCCCCC(=O)[O-],[M-H]-,172.9
2708,CO[C@H]1/C=C/O[C@@]2(C)Oc3c(C)c(O)c4c(O)c(c5c(nc6cc(C)ccn65)c4c3C2=O)NC(=O)/C(C)=C\C=C\[C@H](C)[C@H](O)[C@@H](C)[C@@H](O)[C@@H](C)[C@H](OC(C)=O)[C@@H]1C,[M+H]+,267.8
2977,CC(=O)O[C@H]1C[C@@H](OC(C)=O)C(C)(C)C2C[C@@H](OC(C)=O)[C@@]3(C)C4=CC(=O)O[C@@H](c5ccoc5)[C@]4(C)CCC3[C@]21C,[M+H]+,224.9
1336,NC(=O)c1cc[n+](CC2=C(C(=O)[O-])N3C(=O)[C@@H](NC(=O)Cc4cccs4)[C@H]3SC2)cc1,[M+H]+,203.5
3017,C[C@@H](O)[C@@H](O)c1cnc2[nH]c(N)nc(=O)c2n1,[M+H]+,153.5
1908,CCCCC(=O)N(Cc1ccc(-c2ccccc2-c2nn[nH]n2)cc1)[C@H](C(=O)O)C(C)C,[M+H]+,202
1250,O=c1ccn([C@H]2C[C@H](O)[C@@H](COP(=O)(O)OP(=O)(O)OP(=O)(O)O)O2)c(=O)[nH]1,[M+Na]+,185.3
2326,O=C(O)C[C@H](O)C(=O)O,[M-H]-,118.8
3920,CCCCCCCC/C=C\CCCCCCCC(=O)O[C@H](COC(=O)CCCCCCCCCCCCCCCCC)COP(=O)(O)OCCN,[M+H]+,277.02
350,CCCCC/C=C\C/C=C\CCCCCCCCCCCC(=O)O[C@H](COC(=O)CCCCCCC/C=C\CCCCCCCC)COP(=O)(O)OC[C@H](N)C(=O)O,[M-H]-,299
2104,CCN(C(C)=O)c1cccc(-c2ccnc3c(C#N)cnn23)c1,[M+H]+,173.5
1422,CCCCC/C=C\C/C=C\C/C=C\C/C=C\CCCC(=O)O[C@H](COC(=O)CCCCCCCCCCCCCCC)COP(=O)(O)O,[M+Na]+,268.39
2180,O=C(O)c1cc(=O)[nH]c(=O)[nH]1,[M+H]+,138.85
2125,Cn1cc(C(N)=O)ccc1=O,[M+H]+,132.1
