SMILES,Adduct,Ture CCS,Predicted CCS
COc1ccc2cc([C@H](C)C(=O)O)ccc2c1,[M+Na]+,163.8666667,156.88157653808594
OCCN1CCN(CCCN2c3ccccc3Sc3ccc(Cl)cc32)CC1,[M+H]+,192.6,190.95851135253906
NC(CCCC(N)C(=O)O)C(=O)O,[M+H]+,140.8,143.58409118652344
OC[C@H]1O[C@](O)(CO)[C@@H](O)[C@@H]1O[C@@H]1O[C@H](CO)[C@H](O)[C@H](O)[C@H]1O,[M-H]-,178.23,167.9269561767578
Cn1cncc1C[C@H](N)C(=O)O,[M+H]+,135.335,137.09523010253906
NCC(=O)N1CCCC1C(=O)O,[M-H]-,134.5898065,138.70582580566406
Cc1cn([C@H]2C[C@H](O)[C@@H](CO)O2)c(=O)[nH]c1=O,[M+Na]+,161.6,162.7092742919922
CC/C=C\C/C=C\C/C=C\C/C=C\CCCCC(=O)O[C@H](COCCCCCCCCCCCCCCCCCCCC)COP(=O)(O)OCCN,[M+H]+,282.96,280.123291015625
O=C(O)/C=C(\CC(=O)O)C(=O)O,[M+Na]+,149.1306363,141.45814514160156
O=C(O)C(=O)Cc1ccc(O)cc1,[M-H]-,145.75,135.3245086669922
OC[C@H]1O[C@@H](O[C@@H]2[C@@H](CO)O[C@@H](O[C@@H]3[C@@H](CO)O[C@@H](O[C@@H]4[C@@H](CO)O[C@@H](O[C@@H]5[C@@H](CO)O[C@@H](O[C@@H]6[C@@H](CO)O[C@@H](O)[C@H](O)[C@H]6O)[C@H](O)[C@H]5O)[C@H](O)[C@H]4O)[C@H](O)[C@H]3O)[C@H](O)[C@H]2O)[C@H](O)[C@@H](O)[C@@H]1O,[M-H]-,286.2,283.86712646484375
CC(C)=CCCC1(C)C=Cc2c(O)c3c(c(CC=C(C)C)c2O1)OC12C(CC4CC1C(C)(C)OC2(C/C=C(/C)C(=O)O)C4O)C3=O,[M+H]+,246.4,243.31114196777344
CCCCCC1OC1C/C=C\C/C=C\C/C=C\CCCC(=O)O,[M+Na]+,187.0666667,187.76820373535156
CCCCCC/C=C\CCCCCCCC(=O)OCC(COP(=O)(O)OCC(O)CO)OC(=O)CCCCCCCC1CC1CCCCCC,[M+Na]+,275.67,274.1858215332031
Nc1ccn([C@H]2C[C@H](O)[C@@H](COP(=O)(O)O)O2)c(=O)n1,[M+H]+,165.5853123,163.7566375732422
O=C(O)[C@H]1OC(O)[C@H](O)[C@@H](O)[C@@H]1O,[M+Na]+,150.2,146.16127014160156
O=[N+]([O-])c1cnc(CO)n1CCO,[M+H]+,132.55,137.83787536621094
Cc1cccc2ccccc12,[M+H]+,125.2027376,127.21092224121094
CCC(C)[C@H](NC(=O)[C@@H](NC(=O)CN)C(C)C)C(=O)N[C@@H](Cc1ccccc1)C(=O)N[C@@H](Cc1ccc(O)cc1)C(=O)N[C@@H](CCC(=O)O)C(=O)N[C@@H](CO)C(=O)N[C@@H](Cc1c[nH]cn1)C(=O)NCC(=O)N[C@@H](CCCCN)C(=O)O,[M+H]+,332.9,325.6705322265625
CCC(NC)C(=O)c1ccccc1,[M+H]+,141.2,142.61607360839844
CC(=O)[C@H]1CC[C@H]2[C@@H]3C[C@H](C)C4=CC(=O)CC[C@]4(C)[C@H]3[C@@H](O)C[C@]12C,[M+H]+,183.2,184.9429473876953
O=c1ccc2ccc(O)cc2o1,[M+Na]+,154.4591589,143.2708282470703
CC/C=C\C/C=C\C/C=C\C/C=C\C/C=C\CCCC(=O)OC[C@H](COP(=O)(O)OC[C@@H](O)CO)OC(=O)CCCCCCCCC/C=C\C/C=C\CCCCC,[M-H]-,291.55,281.2590026855469
NC(=O)c1cccnc1,[M+H]+,125.25,123.19157409667969
OC[C@@H](O)C(O)[C@H](O)CO,[M+Na]+,135.8,139.178955078125
CN(C)C(N)=NCCC[C@H](N)C(=O)O,[M+Na]+,157.2,151.1331024169922
Nc1ncnc2c1ncn2[C@@H]1O[C@H](CO)[C@@H](O)[C@H]1O,[M+Na]+,167.7833334,164.87564086914062
CCCCCC(O)/C=C/C=C\CCCCCCCC(=O)O,[M-H]-,183.11,177.6107635498047
O=c1c(O)c(-c2ccc(O)cc2O)oc2cc(O)cc(O)c12,[M+H]+,162.7,165.4895477294922
Cc1ccc(O)c([C@H](CCN(C(C)C)C(C)C)c2ccccc2)c1,[M+H]+,182.1,181.83326721191406
O=c1c(O)c(-c2ccccc2)oc2cc(O)ccc12,[M+H]+,152.1,152.7342071533203
CC#Cc1cc(C)nc(Nc2ccccc2)n1,[M+H]+,152.07,153.23214721679688
c1ccc2[nH]ccc2c1,[M-H]-,117.0846902,120.46475982666016
CCCCCCCCCCCCCCC(=O)OC[C@@H](O)COP(=O)(O)OCCN,[M-H]-,200.62,202.4662628173828
CCOC(=O)COc1ccc2c(=O)cc(-c3ccccc3)oc2c1,[M+H]+,177.4,172.64749145507812
CCOc1ccc(C(=O)c2ccc(O)c(O)c2O)cc1,[M+H]+,160.4,161.88511657714844
CN(C(=O)CN(CCO)CC(=O)N(C)C(C)(C)Cc1ccccc1)C(C)(C)Cc1ccccc1,[M+H]+,213.7,212.59165954589844
CCCCCCCCCCCCCCCC(=O)OC(CC(=O)[O-])C[N+](C)(C)C,[M+Na]+,225.0333334,217.7782745361328
Cn1cnc2ncnc-2c1N,[M+H]+,128.3529136,127.61953735351562
CC[C@H](C)[C@H]1C(=O)O[C@H](C(C)C)C(=O)N(C)[C@@H]([C@@H](C)CC)C(=O)O[C@H](C(C)C)C(=O)N(C)[C@@H](C(C)C)C(=O)O[C@H](C(C)C)C(=O)N1C,[M+H]+,252.2,258.18048095703125
CC/C=C\C/C=C\C/C=C\C/C=C\C/C=C\CCCC(=O)O[C@H](COC(=O)CCCCCCCCC/C=C\C/C=C\CCCCC)COP(=O)(O)OCCN,[M-H]-,278.9,275.0869140625
Nc1ncnc2c1ncn2[C@@H]1O[C@@H]2COP(=O)(O)O[C@H]2[C@H]1O,[M-H]-,172.0,172.15444946289062
Cn1cncc1C[C@H](NC(=O)CCN)C(=O)O,[M-H]-,153.560125,157.1205596923828
Nc1nc(=O)c2[nH]cnc2[nH]1,[M+H]+,129.9,127.12582397460938
CCCCCCCC/C=C\CCCCCCCCCC(=O)O[C@H](COC(=O)CCCCCCCCC/C=C\CCCCCCCCCC)COP(=O)(O)OC[C@H](N)C(=O)O,[M-H]-,292.95,294.7119140625
C[N+](C)(C)CCOP(=O)([O-])OP(=O)(O)OC[C@H]1O[C@@H](n2ccc(N)nc2=O)[C@H](O)[C@@H]1O,[M+Na]+,208.3920064,204.7834014892578
CCCCC/C=C\C/C=C\C/C=C\C/C=C\C/C=C\CCC(=O)O[C@H](CO)COP(=O)(O)OCCN,[M+H]+,221.0,221.2202606201172
CCCCC=CCC=CCC=CCC=CCC=CCC=CCC(=O)OC[C@H](COP(=O)(O)OC[C@H](N)C(=O)O)OC(=O)CC=CCC=CCC=CCC=CCC=CCCCCCC,[M+Na]+,303.2,299.6190490722656
CCCCCCCCCCCCCCC[C@@H](O)[C@@H](N)CO,[M+H]+,188.5,190.56533813476562
CC[C@H]1CN2CCc3cc(OC)c(OC)cc3[C@@H]2C[C@@H]1C[C@H]1NCCc2cc(OC)c(OC)cc21,[M+H]+,219.6,222.1632080078125
CCCCOc1cc(CC2CNC(=O)N2)ccc1OC,[M+H]+,174.0,166.59817504882812
CCCCCCCCCCCCCC(=O)O,[M-H]-,159.2088404,159.58729553222656
CCCCCC/C=C\CCCCCCCC(=O)OC[C@@H](O)COP(=O)(O)OCCN,[M-H]-,202.645,203.8394775390625
CCCCc1oc2ccccc2c1C(=O)c1cc(I)c(OCCNCC)c(I)c1,[M+H]+,219.8,212.8517608642578
C[C@@H]1[C@H]2C3=CC[C@@H]4[C@@]5(C)C[C@@H](O)[C@H](O)[C@@](C)(CO)[C@@H]5CC[C@@]4(C)[C@]3(C)CC[C@@]2(C(=O)O)CC[C@H]1C,[M+Na]+,233.5,223.36488342285156
NCCCC12CCC(c3ccccc31)c1ccccc12,[M+H]+,163.1,160.95765686035156
CCCCCCCCCCCCCCC(=O)OC[C@@H](O)COP(=O)([O-])OCC[NH3+],[M+Na]+,216.13,211.14559936523438
C[C@@H](Cc1ccccc1)N(C)Cc1ccccc1,[M+H]+,154.8,157.16734313964844
CCC(Cc1ccc2c(c1)OCO2)NC,[M+H]+,148.4,148.51715087890625
Cn1cnc(N)c2ncnc1-2,[M+H]+,126.3,128.08958435058594
CCCCCC/C=C\CCCCCCCCCCCC(=O)O[C@H](COC(=O)CCCCCCCCCCCCCCCCCCC)COP(=O)([O-])OCC[N+](C)(C)C,[M+Na]+,307.48,305.2744140625
NC(=O)C[C@H](N)C(=O)O,[M+Na]+,130.7193761,133.9146270751953
C[C@@H](O)[C@H](N)C(=O)O,[M-H]-,130.78,120.8641357421875
CC=CCC=CCC=CCC(=O)OC[C@H](COP(=O)(O)OCCN)OC(=O)CC=CCC=CCC,[M+H]+,208.3,212.30209350585938
COc1ccc(-c2cc(=O)c3ccccc3o2)cc1,[M+H]+,152.1,154.4538116455078
C[C@]12CC(=O)[C@H]3[C@@H](CCC4=CC(=O)C=C[C@@]43C)[C@@H]1CC[C@]2(O)C(=O)CO,[M+H]+,180.95,188.7300262451172
Cn1cnc2ncnc-2c1N,[M-H]-,130.97,126.56350708007812
O=S(=O)(O)c1cc(I)c(O)c2ncccc12,[M+H]+,165.5,151.8475799560547
CC(C)[C@H](NC(=O)[C@@H](N)Cc1ccccc1)C(=O)N[C@H](C(=O)N1CCC[C@@H](C(=O)N[C@@H](CCCNC(=N)N)C(=O)O)C1)C(C)C,[M+H]+,252.0,251.03184509277344
CCCCCCCC/C=C\CCCCCCCCCC(=O)OC[C@@H](COC(=O)CCCCCCCCCCC)OC(=O)CCCCCCCCC/C=C\CCCCCCCC,[M+Na]+,320.86,317.6763916015625
CCCCCCCCCCCCCCCCCC/C=C\OC[C@H](COP(=O)([O-])OCC[N+](C)(C)C)OC(=O)CCCCCCCCCCCC,[M+H]+,287.3,284.9868469238281
CC/C=C\C/C=C\C/C=C\CCCCCCCC(=O)OC[C@H](COP(=O)(O)OCCN)OC(=O)CCCCCCC/C=C\CCCCCCCC,[M-H]-,266.29,267.2309265136719
C[C@H](CCC(=O)NCC(=O)O)[C@H]1CC[C@H]2[C@H]3[C@H](C[C@H](O)[C@@]21C)[C@@]1(C)CC[C@@H](O)C[C@H]1C[C@H]3O,[M+Na]+,202.1,211.48745727539062
CCCNC[C@]1(O)[C@H](C)O[C@@H](O[C@H]2[C@H](C)[C@@H](O[C@@H]3O[C@H](C)C[C@H](N(C)C)[C@H]3O)[C@](C)(O)C[C@@H](C)CN[C@H](C)[C@@H](O)[C@](C)(O)[C@@H](CC)OC(=O)[C@@H]2C)C[C@@]1(C)OC,[M+H]+,286.4,280.1189880371094
CCCCCCCC(=O)OC[C@H](COP(=O)(O)OC[C@@H](O)CO)OC(=O)CCCCCCC,[M-H]-,216.9,216.87484741210938
COC(=O)[C@H](Cc1ccccc1)NC(=O)/C(=C1\OC(=O)C(c2ccccc2)=C1O)c1ccccc1,[M+H]+,212.8,211.7358856201172
CCCCCCCCCCCCC=CC[C@@H](O)[C@H](COP(=O)([O-])OCC[N+](C)(C)C)NC(=O)CC=CCCCCCCCCCCCCCCCCCCCCCC,[M+H]+,311.55,308.99908447265625
Nc1ncnc2c1ncn2[C@@H]1O[C@H](COP(=O)(O)OS(=O)(=O)O)[C@@H](OP(=O)(O)O)[C@H]1O,[M-H]-,192.7560708,183.09666442871094
N[C@@H](CSSC[C@H](N)C(=O)O)C(=O)O,[M+H]+,149.4,149.3288116455078
COc1cc(O)c2c(=O)c(OC)c(-c3ccc(OC)c(OC)c3)oc2c1,[M+H]+,180.8,181.68203735351562
CC(=O)Nc1ccccc1,[M+H]+,125.0,127.47124481201172
CN1CC(=O)N=C1N,[M+H]+,123.4,120.37980651855469
CCCCC/C=C\C/C=C\C/C=C\CCCCC(=O)OC[C@H](COP(=O)(O)OCCN)OC(=O)CCCCCCCCC/C=C\CCCCCCCC,[M+H]+,283.53,279.3291015625
CCCCCCCCCCC/C=C\CCCCC(=O)O[C@H](COC(=O)CCCCCCCCCCCCCCCCC)COP(=O)([O-])OCC[N+](C)(C)C,[M+Na]+,290.25,292.7506103515625
CCCCCC/C=C\CCCCCCCC(=O)OCC(COP(=O)(O)OCCN)OC(=O)CCCCCCCCCCCCC,[M+H]+,260.6,260.1562194824219
CCCCCCCCCCCCCCC(=O)OC[C@@H](O)COP(=O)(O)OCCN,[M+H]+,210.81,208.6465606689453
CC(C)Oc1ccc2c(=O)c(-c3ccccc3)coc2c1,[M+H]+,164.3,163.9474639892578
CC/C=C\C/C=C\C/C=C\C/C=C\C/C=C\CCCC(=O)O[C@H](COC(=O)CCCCCCCCC/C=C\CCCCCC)COP(=O)([O-])OCC[N+](C)(C)C,[M+H]+,291.63,289.4504699707031
CCCCCCCCCCCCC=CC[C@@H](O)[C@H](CO[C@@H]1O[C@H](CO)[C@@H](O)C(O)C1O)NC(=O)CC=CCCCCCCCCCCCCCCCCCCCCCC,[M+Na]+,315.3,308.4522399902344
CC1=CC(=O)c2ccccc2C1=O,[M+H]+,134.6,132.1856231689453
CSCC[C@H](N)C(=O)O,[M-H]-,142.025,136.12767028808594
CC/C=C\C/C=C\C/C=C\C/C=C\CCCCC(=O)O[C@H](COC(=O)CCCCCCCCCCC/C=C\C/C=C\CCCCC)COP(=O)(O)OC[C@@H](O)CO,[M-H]-,281.9,282.1012878417969
C[C@]12CC(=O)[C@H]3[C@@H](CCC4=CC(=O)CC[C@@]43C)[C@@H]1CC[C@]2(O)C(=O)CO,[M-H]-,191.4,193.3496856689453
CCCCCCCCCCCCCCCCCCC(=O)O[C@H](COC(=O)CCCCCCCCC)COP(=O)([O-])OCC[N+](C)(C)C,[M+H]+,275.9,272.84918212890625
CCCCCCCC/C=C\CCCCCCCC(=O)OC[C@@H](O)COP(=O)(O)OC[C@H](N)C(=O)O,[M-H]-,220.5,219.7599334716797
CCCCCCCCCCCCC=CCC=CCC=CCC=CCC=CCC(=O)OC[C@@H](O)COP(=O)(O)OCC[N+](C)(C)C,[M+H]+,255.46,256.32891845703125
CCN(CC)CCNC(=O)c1cc(Cl)c(N)cc1OC,[M+H]+,173.2,169.43382263183594
O=C(/C=C/c1ccc(O)cc1)c1ccc(O)cc1O,[M+Na]+,187.3684438,168.1214141845703
CC/C=C\C/C=C\C/C=C\C/C=C\C/C=C\C/C=C\CCC(=O)O[C@H](CO/C=C\CCCCCCCCCCCCCCCCCC)COP(=O)(O)OCCN,[M-H]-,278.08,277.75665283203125
COc1cc(/C=C/C(=O)O)ccc1O,[M+H]+,128.8,139.97283935546875
CCCCC/C=C\C/C=C\CCCCCCCCCCCC(=O)O[C@H](COC(=O)CCCCCCCCCCCCCCCCCC)COP(=O)(O)OC[C@H](N)C(=O)O,[M-H]-,292.19,291.4218444824219
CCCCC/C=C\C/C=C\C/C=C\C/C=C\CCCC(=O)O[C@H](COC(=O)CCCCCCCCCCCCCCCCCCC)COP(=O)([O-])OCC[N+](C)(C)C,[M+Na]+,297.42,300.8691101074219
CCCCCC/C=C\CCCCCCCC(=O)OCC(COP(=O)(O)O)OC(=O)CCCCCCC/C=C\CCCCCC,[M-H]-,247.47,247.9137725830078
NCCCC[C@H](N)C(=O)O,[M-H]-,133.7,129.97579956054688
Oc1ccc(Cl)cc1Cc1cc(Cl)ccc1O,[M+H]+,147.4,154.04580688476562
CCOC(=O)OC1=C(c2cc(C)ccc2C)C(=O)NC12CCC(OC)CC2,[M+H]+,189.99,190.13575744628906
c1ccc(CN2CCNCC2)cc1,[M+H]+,138.8,138.32936096191406
CC1=CC(=O)c2c(O)cccc2C1=O,[M+H]+,124.1,134.1090087890625
C/N=C(/O)CSP(=O)(OC)OC,[M+H]+,134.62,135.83091735839844
C[C@H]1[C@H]2[C@H](C[C@H]3[C@@H]4CC=C5C[C@@H](O)CC[C@]5(C)[C@H]4CC[C@@]32C)O[C@]12CC[C@@H](C)CN2,[M+H]+,207.8,206.35317993164062
CC(=O)Nc1ccn([C@@H]2O[C@H](CO)[C@@H](O)[C@H]2O)c(=O)n1,[M-H]-,161.4026856,162.43943786621094
Cc1c(C)c2c(c(C)c1O)CC[C@@](C)(CCC[C@H](C)CCC[C@H](C)CCCC(C)C)O2,[M+H]+,216.6,217.1279754638672
O=C(O)[C@@H](O)[C@@H](O)[C@H](O)[C@@H](O)C(=O)O,[M-H]-,132.1081561,133.24386596679688
Cc1c(NC(C)C)c(=O)n(-c2ccccc2)n1C,[M+H]+,156.5,155.81080627441406
CCCCCCCCCCCCCCCCCCCCC(=O)OC(COC(=O)CCCCCCCCCCCCCC)COP(=O)([O-])OCC(O)COC(=O)C(N)CCCC[NH3+],[M+H]+,308.7,306.40838623046875
CCCCCCCCCCCCCCCC(=O)OCC(COP(=O)(O)OCC(O)CO)OC(=O)CCCCCCCCCCCCC,[M-H]-,258.02,261.1555480957031
CCCCC/C=C\C/C=C\C/C=C\C/C=C\CCCCCC(=O)O[C@H](COC(=O)CCCCCCCCC/C=C\CCCCCCCC)COP(=O)(O)OC[C@H](N)C(=O)O,[M+Na]+,307.0,299.89410400390625
Cc1cc(C)nc(NS(=O)(=O)c2ccc(N)cc2)n1,[M+H]+,161.7,157.75050354003906
CCCCC/C=C\C/C=C\C/C=C\CCCCC(=O)O[C@H](COC(=O)CCCCCCCCC/C=C\C/C=C\CCCCC)COP(=O)(O)O[C@H]1C(O)C(O)C(O)[C@@H](O)C1O,[M-H]-,297.0,290.736083984375
CC(=O)NC1C(OC2C(O)C(CO)OC(OC(C(O)CO)C(O)C(O)C=O)C2O)OC(CO)C(O)C1O,[M+Na]+,220.0,215.96714782714844
C[C@H](CCC(=O)NCCS(=O)(=O)O)[C@H]1CCC2C3C(CC[C@@]21C)[C@@]1(C)CC[C@@H](O)C[C@H]1[C@H](O)[C@H]3O,[M-H]-,209.5,210.4104461669922
CC(C)[C@H](NC(=O)[C@@H](N)CC(N)=O)C(=O)N[C@@H](C)C(=O)N[C@@H](C[C@@H](C)O)C(=O)N1CCC[C@@H](C(=O)N[C@@H](CCCNC(=N)N)C(=O)O)C1,[M+H]+,254.0,255.04904174804688
CCCCC/C=C\CCCCCCCC(=O)OC[C@H](COC(=O)CCCCCCC/C=C\CCCCCCCCC)OC(=O)CCCCCCC/C=C\CCCCCCCCC,[M+Na]+,320.355,318.1761474609375
O=C(O)[C@H]1C[C@@H](O)CN1,[M+Na]+,130.6,134.5860137939453
CN[C@H](C)[C@@H]1CC[C@@H](N)[C@@H](O[C@@H]2[C@@H](N)C[C@@H](N)[C@H](O[C@H]3OC[C@](C)(O)[C@H](NC)[C@H]3O)[C@H]2O)O1,[M+Na]+,222.8,219.83567810058594
CCCCC/C=C\C/C=C\CCCCCCCCCCCC(=O)O[C@H](COC(=O)CCCCCCCCCCC)COP(=O)(O)O,[M-H]-,257.0,254.7483673095703
CCCCCCCCCCCCCCC(=O)O[C@H](COC(=O)CCCCCCCCCCCC)COP(=O)(O)OC[C@H](N)C(=O)O,[M-H]-,264.55,256.91009521484375
CCCCCCCCCCCCCCCC/C=C\OC[C@@H](O)COP(=O)([O-])OCC[N+](C)(C)C,[M+H]+,236.8,232.29263305664062
CCCCC/C=C\C/C=C\C/C=C\C/C=C\CCCC(=O)OC[C@@H](O)COP(=O)(O)O[C@H]1C(O)C(O)C(O)[C@@H](O)C1O,[M-H]-,241.0,235.78485107421875
C[C@H]1C[C@H]2[C@@H]3CCC4=CC(=O)C=C[C@]4(C)[C@@]3(F)[C@@H](O)C[C@]2(C)[C@@]1(O)C(=O)CCl,[M+H]+,201.29,188.91355895996094
O=C(O)C1(O)C[C@@H](O)C(O)[C@H](O)C1,[M+H]+,146.3491315,138.3568572998047
CC(=O)NCCc1c[nH]c2ccc(O)cc12,[M-H]-,149.5773385,147.92185974121094
CC/C=C\C/C=C\C/C=C\C/C=C\C/C=C\C/C=C\CCC(=O)OC[C@H](COP(=O)(O)OCCN)OC(=O)CCCCCCCCCCCCCCCCCC,[M+Na]+,295.01,290.7354736328125
O=c1c(O)c(-c2ccccc2)oc2ccccc12,[M+H]+,146.3,147.40045166015625
C[C@H](CCC(=O)NCC(=O)O)[C@H]1CC[C@H]2[C@@H]3CC[C@@H]4C[C@H](O)CC[C@]4(C)[C@H]3CC[C@@]21C,[M+H]+,200.9,207.8852996826172
CCCCCCCCCCCCCCCCCC(=O)OC[C@@H](O)COP(=O)(O)OC[C@H](N)C(=O)O,[M+H]+,228.75,226.8762969970703
CC/C=C\C/C=C\C/C=C\C/C=C\C/C=C\C/C=C\CCC(=O)O[C@H](CO/C=C\CCCCCCCCCCCCCC)COP(=O)(O)OCCN,[M+H]+,277.45,272.9141540527344
CCCCC/C=C\C/C=C\C/C=C\C/C=C\CCCCCC(=O)OC[C@@H](O)COP(=O)([O-])OCC[N+](C)(C)C,[M+Na]+,241.67,241.6351318359375
CC/C=C\C/C=C\C/C=C\C/C=C\C/C=C\C/C=C\CCC(=O)O[C@H](COC(=O)CCC/C=C\C/C=C\C/C=C\C/C=C\CCCCC)COP(=O)(O)OC[C@H](N)C(=O)O,[M+Na]+,292.305,292.56402587890625
c1cc2c(cc1[C@H]1OC[C@@H]3[C@H](c4ccc5c(c4)OCO5)OC[C@H]13)OCO2,[M+H]+,171.0,179.7622528076172
CCCCCC/C=C\CCCCCCCCCCCC(=O)O[C@H](COC(=O)CCCCCCCCC/C=C\CCCCCC)COP(=O)([O-])OCC[N+](C)(C)C,[M+Na]+,299.18,297.85992431640625
O=c1ccn([C@@H]2O[C@H](COP(=O)(O)OP(=O)(O)OP(=O)(O)O)[C@@H](O)[C@H]2O)c(=O)[nH]1,[M+H]+,187.0,186.87013244628906
CC/C=C\C/C=C\C/C=C\CCCCCCCC(=O)O[C@H](COC(=O)CCCCCC/C=C\C/C=C\C/C=C\CCCCC)COP(=O)(O)OC[C@H](N)C(=O)O,[M+H]+,283.58,282.47412109375
CCCCC/C=C\C/C=C\C/C=C\C/C=C\CCCCCC(=O)O[C@H](COC(=O)CCCCCCC/C=C\CCCCCCC)COP(=O)(O)OC[C@H](N)C(=O)O,[M+H]+,288.18,287.0687255859375
OC[C@H]1O[C@@H](O[C@@H]2[C@@H](CO)O[C@@H](O[C@@H]3[C@@H](CO)O[C@@H](O[C@@H]4[C@@H](CO)O[C@@H](O[C@@H]5[C@@H](CO)O[C@@H](O[C@@H]6[C@@H](CO)OC(O)[C@@H](O)[C@H]6O)[C@@H](O)[C@H]5O)[C@@H](O)[C@H]4O)[C@@H](O)[C@H]3O)[C@@H](O)[C@H]2O)[C@@H](O)[C@@H](O)[C@@H]1O,[M+Na]+,281.7,282.365478515625
CC(C)=CCc1c2c(c3occ(-c4ccc(O)cc4)c(=O)c3c1O)C=CC(C)(C)O2,[M+H]+,201.4,193.06057739257812
CNc1ncnc2c1ncn2[C@@H]1O[C@H](CO)[C@@H](O)[C@H]1O,[M-H]-,159.6718512,161.88267517089844
CCCc1cc(OC)c2c(c1)OCO2,[M+H]+,128.7,144.5676727294922
CCCC/C=C\CCCCCCCC(=O)O[C@H](COC(=O)CCCCCCCCCCCCCCCC)COP(=O)(O)OCCN,[M-H]-,263.4,255.63316345214844
CN1CCN2c3ncccc3Cc3ccccc3C2C1,[M+H]+,161.0,165.55540466308594
CC(C)C[C@H](NC(=O)[C@H](C)NC(=O)[C@@H](N)CCC(=O)O)C(=O)N[C@@H](CC(=O)O)C(=O)N[C@@H](Cc1ccccc1)C(=O)N[C@@H](Cc1ccccc1)C(=O)N[C@@H](C)C(=O)N[C@@H](CCCNC(=N)N)C(=O)O,[M+H]+,305.9,296.0760498046875
CCCCCCCCCC/C=C\CCCCCCCCCC(=O)O[C@H](COC(=O)CCCCCCCCCCCCCCC)COP(=O)(O)OC[C@H](N)C(=O)O,[M+H]+,292.9,291.5706787109375
CC(=O)O[C@]1(C(C)=O)CC[C@H]2[C@@H]3C=C(Cl)C4=CC(=O)[C@@H]5C[C@@H]5[C@]4(C)[C@H]3CC[C@@]21C,[M+H]+,199.4,196.81593322753906
O=C(O)c1cc(O)ccc1O,[M-H]-,122.6723579,122.71672821044922
CCCC/C=C\CCCCCCCC(=O)O[C@H](COC(=O)CCCCCCCCCCCCC)COP(=O)(O)OC[C@@H](O)CO,[M-H]-,251.2,253.57359313964844
CC/C=C\C/C=C\C/C=C\C/C=C\C/C=C\C/C=C\CCC(=O)O[C@H](COC(=O)CCCC/C=C\C/C=C\C/C=C\C/C=C\CC)COP(=O)([O-])OCC[N+](C)(C)C,[M+H]+,289.05,286.585693359375
OC1C(O)C(O)C(O)C(O)C1O,[M-H]-,131.3,128.8448028564453
CN(CC(=O)O)C(=N)N,[M+H]+,125.95,124.50047302246094
CCCCCCCCCCCCCCCC(=O)O,[M-H]-,169.06,167.2125244140625
CCCCC/C=C\C/C=C\C/C=C\CCCCCCC(=O)O[C@H](COC(=O)CCCCCCC/C=C\C/C=C\CCCCC)COP(=O)(O)OCCN,[M-H]-,274.58,271.53790283203125
O=C(O)c1cc(=O)c2ccccc2o1,[M+H]+,134.0,134.6336669921875
Cn1cncc1C[C@H](NC(=O)CCN)C(=O)O,[M+H]+,154.1,155.2915802001953
[O-][n+]1cccc(CO)c1,[M+H]+,120.4,121.9044189453125
CCOC(=O)c1ccc(O)cc1,[M+H]+,125.4,137.07568359375
CC/C=C\C/C=C\C/C=C\C/C=C\C/C=C\C/C=C\CCC(=O)OC[C@H](COP(=O)(O)OC[C@@H](O)CO)OC(=O)CCCCCC/C=C\C/C=C\C/C=C\CCCCC,[M-H]-,292.6,283.4486083984375
Nc1ncnc2c1ncn2[C@@H]1O[C@H](CSCC[C@H](N)C(=O)O)[C@@H](O)[C@H]1O,[M-H]-,186.4,182.59957885742188
O=C(O)CCC(=O)O,[M-H]-,119.84,115.80496215820312
CCCCCCCC/C=C\CCCCCCCC(=O)OC(COC(=O)CCCCCCCCCCCCCCC)COP(=O)(O)OCC(O)CO,[M+Na]+,281.03,280.3079833984375
CCCCCC/C=C\CCCCCCCC(=O)OC[C@H](COP(=O)(O)O[C@H]1C(O)C(O)C(O)[C@@H](O)C1O)OC(=O)CCCCCCCCC/C=C\CCCCCCCCCC,[M-H]-,297.8,295.3240966796875
CCOC(=O)C1CC(=O)C(=C(O)C2CC2)C(=O)C1,[M+H]+,152.92,154.14027404785156
C[C@H](CCC(=O)O)[C@H]1CC[C@H]2[C@@H]3C(=O)C[C@@H]4C[C@H](O)CC[C@]4(C)[C@H]3C[C@H](O)[C@@]21C,[M-H]-,204.2,194.02528381347656
CCCCCCCC/C=C\CCCCCCCCCC(=O)O[C@H](COC(=O)CCCCCCCCCCCCCC)COP(=O)(O)OCCN,[M-H]-,264.25,267.872802734375
CC[C@H]1OC(=O)C[C@@H](O)[C@H](C)[C@@H](O[C@@H]2O[C@H](C)[C@@H](O)[C@H](N(C)C)[C@H]2O)[C@@H](CCN2C[C@@H](C)C[C@@H](C)C2)C[C@@H](C)C(=O)/C=C/C(C)=C/[C@@H]1CO[C@@H]1O[C@H](C)[C@@H](O)[C@@H](OC)[C@H]1OC,[M+H]+,310.2,300.84454345703125
CCCCCCCCCCCCC=CC[C@@H](O)[C@H](CO)NC(=O)CCCCCCCCCCCCCCCCCCCCC,[M+H]+,272.3,271.14007568359375
C[C@]12CC[C@H]3[C@@H](CCC4=CC(=O)CC[C@@]43C)[C@@H]1CC[C@]2(O)C(=O)CO,[M+H]+,187.4,187.66702270507812
O=C1O[C@H]([C@@H](O)CO)C(O)=C1O,[M+Na]+,143.8572719,145.69395446777344
NCCCC[C@H](NC(=O)CNC(=O)[C@H](Cc1c[nH]c2ccccc12)NC(=O)[C@@H](N)Cc1ccccc1)C(=O)O,[M+H]+,231.0,223.4516143798828
CCCCCCCCCCCCCCCC(=O)OCC(COP(=O)(O)OCCN)OC(=O)CCCCCCCC1CC1CCCC,[M-H]-,252.34,254.8677520751953
CCC(C)[C@H](N)C(=O)NCC(=O)N[C@@H](CO)C(=O)N[C@@H](CCC(=O)O)C(=O)N[C@H](C(=O)N[C@@H](Cc1ccc(O)cc1)C(=O)N[C@@H](Cc1c[nH]cn1)C(=O)N[C@@H](CC(N)=O)C(=O)N[C@@H](CC(C)C)C(=O)N[C@@H](CCCCN)C(=O)O)C(C)C,[M+H]+,348.4,341.60614013671875
CCCCC/C=C\C/C=C\C/C=C\C/C=C\CCCC(=O)O[C@H](CO/C=C\CCCCCCCCCCCCCCCCCC)COP(=O)(O)OCCN,[M+Na]+,290.1,287.87127685546875
COc1ccc([C@@H]2Sc3ccccc3N(CCN(C)C)C(=O)[C@@H]2O)cc1,[M+H]+,186.3,185.8421173095703
COc1ccc2[nH]cc(C[C@H](N)C(=O)O)c2c1,[M-H]-,154.3558371,153.82960510253906
CCCCC/C=C\C/C=C\C/C=C\CCCCC(=O)O[C@H](COC(=O)CCCCCCCCCCCCCCCCCCC)COP(=O)(O)OCCN,[M-H]-,270.49,274.1637268066406
CCCCC/C=C\C/C=C\C/C=C\C/C=C\C/C=C\CCC(=O)O[C@H](COCCCCCCCCCCCCCCCCCC)COP(=O)([O-])OCC[N+](C)(C)C,[M+H]+,300.6,297.63043212890625
CCCCCCCCCCCCC=CC[C@@H](O)[C@H](COP(=O)([O-])OCC[N+](C)(C)C)NC(=O)CCCCCCCCCCCCCC,[M+Na]+,284.4,277.22247314453125
CCCCCCCC/C=C\CCCCCCCCCCCC(=O)O[C@H](COC(=O)CCCCCCCCCCCCCCC)COP(=O)(O)OCCN,[M+Na]+,285.93,288.36798095703125
O=C(O)CCCCCCCCC(=O)O,[M-H]-,142.9478623,145.1510772705078
CCCCCCCCCCCCCCCCCCCCC(=O)O[C@H](COC(=O)CCCCCCCCCCCC)COP(=O)([O-])OCC[N+](C)(C)C,[M+H]+,291.5,287.3424987792969
CCCC/C=C\CCCCCCCC(=O)OC[C@H](COP(=O)(O)OC[C@@H](O)CO)OC(=O)CCCCCCCCCCCCCCCCCCCCC,[M-H]-,273.74,276.7607727050781
C[C@]12CC[C@@H]3c4ccc(O)cc4CC[C@H]3[C@@H]1CCC2=O,[M+H]+,164.3,163.25218200683594
CC1=CC2C(C(C)C)CCC(C)(O)C2CC1,[M+H]+,145.9,150.2987518310547
CCCCCCCC/C=C\CCCCCCCCCCCCCC(=O)OC[C@H](COP(=O)([O-])OCC[N+](C)(C)C)OC(=O)CCCCCCC/C=C\CCCCCCCC,[M+H]+,309.18,306.73553466796875
CCCCC/C=C\C/C=C\C/C=C\CCCCCCCCC(=O)OC[C@@H](COC(=O)CCCCCCCCCCCCC)OC(=O)CCCCCCCCCCCCC,[M+Na]+,311.985,309.05242919921875
CCCCCCCCCCCCC=CC[C@@H](O)[C@H](CO[C@@H]1O[C@H](CO)[C@@H](O)C(O)C1O)NC(=O)CC=CCC=CCC=CCCCCCCCCCCCCCCCC,[M+Na]+,314.7,307.54010009765625
CC/C=C\C/C=C\C/C=C\C/C=C\C/C=C\CCCCCC(=O)OC[C@@H](O)COP(=O)([O-])OCC[N+](C)(C)C,[M+Na]+,241.02,238.11065673828125
N[C@H]1[C@@H](OP(=O)(O)O)O[C@H](CO)[C@@H](O)[C@@H]1O,[M+H]+,153.0,154.5572052001953
CCCCCCCC/C=C/CCCCCCCC(=O)OC[C@H](COP(=O)(O)OC[C@@H](O)CO)OC(=O)CCCCCCC/C=C/CCCCCCCC,[M-H]-,282.68,277.57061767578125
CCCCCCCCCCCCC=CC[C@@H](O)[C@H](COP(=O)([O-])OCC[N+](C)(C)C)NC(=O)CCCCCCCCCCCCCCCC,[M+H]+,286.9,285.09259033203125
Cc1nccc2c1[nH]c1ccccc12,[M+H]+,136.6,136.41867065429688
CN1C[C@@H]2c3ccccc3Oc3ccc(Cl)cc3[C@H]2C1,[M+H]+,167.6,162.81686401367188
Nc1c2ccccc2nc2ccccc12,[M+H]+,136.8,142.2127227783203
CCCCC/C=C\C/C=C\C/C=C\C/C=C\CCCCCC(=O)O[C@H](COC(=O)CCCCCCCCC/C=C\CCCCCCCCCC)COP(=O)([O-])OCC[N+](C)(C)C,[M+H]+,307.98,307.5538024902344
CCC(C)[C@H](NC(=O)[C@H](CC(C)C)NC(=O)[C@H](CC(C)C)NC(=O)[C@H](CCC(=O)O)NC(=O)[C@H](CC(N)=O)NC(=O)[C@H](C)N)C(=O)N[C@@H](CC(N)=O)C(=O)N[C@H](C(=O)N[C@@H](CCCCN)C(=O)O)C(C)C,[M+H]+,326.8,320.50048828125
CCCCCCCCCCCCCC=CCC(=O)OC[C@H](CO[C@@H]1O[C@H](CO[C@H]2O[C@H](CO)[C@H](O)C(O)C2O)[C@H](O)C(O)C1O)OC(=O)CC=CCCCCCCCCCCCCC,[M-H]-,301.9,302.7682189941406
CCCCCCCCCCCCCCC(=O)NCCO,[M+H]+,175.18,183.7371368408203
NC(=O)[C@@H]1CCCN1C(=O)[C@H](Cc1cnc[nH]1)NC(=O)[C@@H]1CCC(=O)N1,[M+H]+,180.1005335,182.7833709716797
COC(=O)c1c(Cl)nn(C)c1S(=O)(=O)NC(=O)Nc1nc(OC)cc(OC)n1,[M-H]-,195.34,192.91357421875
NC(CSCC[C@H](N)C(=O)O)C(=O)O,[M+H]+,146.7,149.0602569580078
N[C@@H](Cc1ccc(O)c(O)c1)C(=O)O,[M-H]-,140.6,143.13792419433594
O=C(O)CCCCCCCCCCCO,[M-H]-,152.6,150.8618927001953
CC1=C(/C=C/C(C)=C/C=C/C(C)=C/C(=O)Nc2ccc(O)cc2)C(C)(C)CCC1,[M+H]+,200.5,202.24034118652344
COc1ccc2cc([C@H](C)CO)ccc2c1,[M+H]+,140.0,149.44464111328125
COc1ccc(C(=O)CC(=O)O)c2c1C=CC(C)(C)O2,[M+H]+,159.4,165.73501586914062
CCCCC/C=C\C/C=C\C/C=C\C/C=C\CCCCCC(=O)O[C@H](COC(=O)CCCCCCCCCCCCCC)COP(=O)(O)OCCN,[M+H]+,280.01,276.33892822265625
CCCCC/C=C\C/C=C\C/C=C\CCCCCCC(=O)OC[C@H](COP(=O)(O)OCCN)OC(=O)CCCCCCCCCCC/C=C\C/C=C\CCCCC,[M-H]-,279.765,283.01251220703125
CC/C=C\C/C=C\C/C=C\C/C=C\C/C=C\C/C=C\CCC(=O)O[C@H](COC(=O)CCCCCCCCCCCCCCC)COP(=O)(O)O,[M-H]-,260.9,261.8200378417969
CCCCCCCC/C=C\CCCCCCCCCC(=O)OC[C@@H](O)COP(=O)(O)OC[C@H](N)C(=O)O,[M+H]+,231.8,231.01376342773438
Cc1nn(-c2cc(NS(C)(=O)=O)c(Cl)cc2Cl)c(=O)n1C(F)F,[M+H]+,173.63,178.3209686279297
CCCCC/C=C\CCCCCCCC(=O)O[C@H](CO/C=C\CCCCCCCCCCCCCCCC)COP(=O)([O-])OCC[N+](C)(C)C,[M+H]+,283.6,281.0428771972656
CCCCCCCCCCCCCCCC(=O)OCC(COP(=O)(O)OCC(O)CO)OC(=O)CCCCCCCC1CC1CCCCCC,[M+Na]+,280.56,275.4341125488281
CO[C@@]12[C@H](COC(N)=O)C3=C(C(=O)C(C)=C(N)C3=O)N1C[C@@H]1N[C@@H]12,[M+H]+,169.5,171.16139221191406
CCCCCCCCCCCCCCCCC(=O)O[C@H](COC(=O)CCCCCCCCCCCCCCC)COP(=O)(O)OCCN,[M-H]-,271.1,262.0838623046875
OCCc1ccccc1,[M+H]+,121.2,125.43528747558594
Nc1ncnc2c1ncn2[C@@H]1O[C@H](COP(=O)(O)OS(=O)(=O)O)[C@@H](O)[C@H]1O,[M-H]-,180.4779267,176.23875427246094
CC/C=C/C/C=C/CC/C=C/CC/C=C/CCCCCCC(=O)O,[M-H]-,180.7,184.40647888183594
CCCCCC/C=C\CCCCCCCC(=O)OC[C@@H](O)COP(=O)(O)OC[C@@H](O)CO,[M-H]-,216.9,211.33026123046875
C[C@H](CCC(=O)O)[C@H]1CC[C@H]2[C@@H]3CC[C@@H]4C[C@H](O)CC[C@]4(C)[C@H]3CC[C@@]21C,[M+H]+,210.8,194.3914337158203
Nc1c(O)cccc1C(=O)O,[M-H]-,127.8,126.71914672851562
Cn1c(=O)c2[nH]c(=O)[nH]c2n(C)c1=O,[M+H]+,142.5,136.4220428466797
COc1cc(C[C@H](N)C(=O)O)ccc1O,[M-H]-,153.27,147.6173858642578
COC(=O)C[C@H]1C(C)(C)C2(O)OC34CC2C(=O)[C@]1(C)C3CC[C@]1(C)C4=CC(=O)O[C@H]1c1ccoc1,[M+H]+,208.8,210.05601501464844
CCCCCCCCCCCCCCCC(=O)O[C@H](CC(=O)[O-])C[N+](C)(C)C,[M-H]-,204.4860569,206.7236785888672
NC[C@H](O)c1ccc(O)cc1,[M+Na]+,147.3,142.71437072753906
CCCC/C=C\CCCCCCCC(=O)O[C@H](CO/C=C\CCCCCCCCCCCCCCCCCC)COP(=O)(O)OCCN,[M+Na]+,276.9,272.6356506347656
CCCCC/C=C\C/C=C\C/C=C\C/C=C\CCCCCC(=O)O[C@H](COC(=O)CCC/C=C\C/C=C\C/C=C\C/C=C\CCCCC)COP(=O)(O)OC[C@H](N)C(=O)O,[M-H]-,291.98,285.9473571777344
CCCCC/C=C\C/C=C\CCCCCCCCCC(=O)O[C@H](COC(=O)CCCCCCCCCCCCCCCCCCC)COP(=O)(O)OCCN,[M+H]+,291.51,289.40277099609375
CCCCCCCCCCCCC=CC[C@@H](O)[C@H](CO)NC(=O)CC=CCCCCCCCCCCCCCCCCCCCC,[M+H]+,278.2,276.31793212890625
Nc1nc(=O)c2ncn([C@H]3C[C@H](O)[C@@H](COP(=O)(O)OP(=O)(O)O)O3)c2[nH]1,[M-H]-,180.8,175.85850524902344
N[C@H]1C(O)O[C@H](CO)[C@@H](O)[C@@H]1O,[M+H]+,138.1,138.8598175048828
CCCCCCCCCCCCCCCCCCCCCCCC(=O)N[C@@H](COP(=O)([O-])OCC[N+](C)(C)C)[C@H](O)CCCCCCCCCCCCCCC,[M+Na]+,308.7,307.91546630859375
C[C@]12CC[C@H]3[C@@H](CC[C@H]4CC(=O)CC[C@@]43C)[C@@H]1CCC2=O,[M-H]-,174.3195727,176.93898010253906
N[C@@H](Cc1ccc(O)cc1)C(=O)O,[M+Na]+,143.7848717,148.20880126953125
CSC[C@H]1O[C@@H](n2cnc3c(N)ncnc32)[C@H](O)[C@@H]1O,[M+H]+,167.0,166.5702667236328
CC(=O)c1ccc2c(c1)N(CCCN(C)C)c1ccccc1S2,[M+H]+,168.55,176.43902587890625
CC(=O)NC(CCCCN)C(=O)O,[M+Na]+,144.4,146.8911895751953
CC(C)C(=O)NCC(=O)O,[M-H]-,136.6085517,129.67971801757812
CC/C=C\C/C=C\C/C=C\C/C=C\CCCCC(=O)O[C@H](CO/C=C\CCCCCCCCCCCCCC)COP(=O)(O)OCCN,[M-H]-,257.27,256.64788818359375
Nc1ncnc2nc[nH]c12,[M+H]+,124.9,124.44293975830078
CSc1ncnc2nc[nH]c12,[M+H]+,129.8,127.80162811279297
CCCCCCCCCCCCCCCCCCOC[C@@H](O)COP(=O)(O)OCCN,[M-H]-,209.23,209.32577514648438
CCCCCCCCCCCCCC/C=C\OC[C@H](COP(=O)(O)OCCN)OC(=O)CCCCCCCCCCCCCCCCCCC,[M-H]-,267.26,268.2715759277344
CCCCCC/C=C\CCCCCCCCCC(=O)OC(COC(=O)CCCCCCCCCCCCCCC)COP(=O)([O-])OCC(O)COC(=O)C(C)[NH3+],[M+H]+,291.7,291.13006591796875
CN1C(=O)CN=C(c2ccccc2F)c2cc([N+](=O)[O-])ccc21,[M+H]+,168.6,172.2005157470703
COC(C)(C)CCC[C@H](C)C/C=C/C(C)=C/C(=O)OC(C)C,[M+Na]+,187.0,188.37103271484375
C[C@]12CC[C@H]3[C@@H](CCC4=CC(=O)CC[C@@]43C)[C@@H]1CCC2=O,[M+Na]+,204.7279241,197.51303100585938
CCCCC/C=C\CCCCCCCC(=O)O[C@H](COC(=O)CCCCCCCCCCC)COP(=O)([O-])OCC[N+](C)(C)C,[M+H]+,264.0,263.83660888671875
O=C1C=CC2=C3c4cc(O)c(O)cc4CC3(O)COC2=C1,[M+H]+,159.9,157.5153045654297
Nc1ncnc2c1ncn2C1OC(CO)C2OP(=O)(O)OC21,[M+H]+,168.1,169.2608184814453
Cn1c(=O)c2[nH]c(=O)[nH]c2n(C)c1=O,[M-H]-,134.2428663,133.3002166748047
CC=CCC=CCC=CCC=CCC=CCC=CCC=CCC(=O)OC[C@H](COP(=O)(O)OC[C@H](N)C(=O)O)OC(=O)CC=CCC=CCC=CCC=CCC=CCC=CCCCC,[M+Na]+,307.7,298.5190124511719
COc1cc([C@H]2Oc3cc([C@H]4Oc5cc(O)cc(O)c5C(=O)[C@@H]4O)ccc3O[C@@H]2CO)ccc1O,[M+H]+,213.6,212.82652282714844
CC(=O)N[C@@H](CCC(=O)O)C(=O)O,[M+H]+,139.0333333,140.23997497558594
CCCCC[C@H](O)/C=C/[C@H]1CC2CC(C2)[C@@H]1C/C=C\CCCC(=O)O,[M+Na]+,203.6,205.46299743652344
CCCc1cc(=O)[nH]c(=S)[nH]1,[M+H]+,134.7,135.95616149902344
Nc1ccc(S(=O)(=O)Nc2nccs2)cc1,[M+H]+,149.5,150.6437530517578
C[C@H](CCC(=O)NCCS(=O)(=O)O)[C@H]1CC[C@H]2[C@@H]3[C@@H](O)C[C@@H]4C[C@H](O)CC[C@]4(C)[C@H]3CC[C@@]21C,[M-H]-,207.6,209.00392150878906
CCCCCCCCCCCCCCCC(=O)O[C@H](CC(=O)[O-])C[N+](C)(C)C,[M+H]+,214.0,212.27593994140625
N[C@@H](CS)C(=O)NCC(=O)O,[M-H]-,131.7737492,136.7528533935547
CCCCCCCCCCCCC=CC[C@@H](O)[C@H](CO)NC(=O)CC=CCCCCCCCCCCCCCCCCCC,[M-H]-,260.0,255.9067840576172
CC/C=C\C/C=C\C/C=C\CCCCCCCC(=O)O[C@@H](CO)COC(=O)CCCCCCCCCCCCCCC,[M-H]-,247.2,243.74134826660156
O=S(=O)(O)Oc1c[nH]c2ccccc12,[M-H]-,141.9480955,140.18983459472656
CCCCC/C=C\C[C@@H](O)/C=C/C=C/C=C\[C@@H](O)CCCC(=O)O,[M+Na]+,196.0481839,195.13548278808594
CCCC/C=C\C/C=C\CCCCCCCC(=O)OC[C@H](COP(=O)([O-])OCC[N+](C)(C)C)OC(=O)CCCCCCCCCCCCCCCCC,[M+H]+,288.86,288.05767822265625
N=C(N)NCCC[C@H](NC(=O)[C@H](CC(=O)O)NC(=O)[C@H](CO)NC(=O)[C@H](CO)NC(=O)[C@@H](N)Cc1ccccc1)C(=O)O,[M+H]+,237.3,234.4167938232422
CCCCCCCC/C=C\CCCCCCCCCC(=O)O[C@H](COC(=O)CCCCCCCCCCCCC)COP(=O)(O)OC[C@H](N)C(=O)O,[M+Na]+,283.92,281.0975341796875
CC(=O)[C@H]1CC[C@H]2[C@@H]3CCC4=CC(=O)CC[C@]4(C)[C@H]3CC[C@]12C,[M+H]+,181.2,177.7205352783203
c1ccc2[nH]c(-c3cscn3)nc2c1,[M+Na]+,158.2833334,152.20777893066406
CCCC/C=C\CCCCCCCC(=O)OC[C@H](COP(=O)(O)OCCN)OC(=O)CCCCCC/C=C\C/C=C\C/C=C\CCCCC,[M+H]+,267.7,267.34246826171875
Cc1ncc(COP(=O)(O)O)c(C=O)c1O,[M+H]+,151.67,147.8271026611328
CN(C)CC(=O)O,[M+H]+,117.85,118.67562866210938
O=C(O)Cc1cnc[nH]1,[M+Na]+,148.0333333,133.91339111328125
CCCCC/C=C\C[C@@H](O)/C=C/C=C\C/C=C\CCCC(=O)O,[M+Na]+,194.4,189.69166564941406
O=C(O)Cc1ccc(O)cc1,[M-H]-,128.6,127.69627380371094
O=C(O)C1CCCCN1,[M+H]+,127.85,126.27116394042969
CCCCCCCCCCCCCCCCC(=O)O[C@H](COC(=O)CCCCCCCCCCC)COP(=O)(O)OCCN,[M+Na]+,264.95,260.3929138183594
S=c1[nH]c2ccccc2s1,[M+H]+,126.4,131.5147247314453
CC/C=C\C/C=C\C/C=C\C/C=C\C/C=C\C/C=C\CCC(=O)OC[C@H](COP(=O)(O)OC[C@H](N)C(=O)O)OC(=O)CCC/C=C\C/C=C\C/C=C\C/C=C\C/C=C\CC,[M+Na]+,294.2,291.43914794921875
O=c1ccc2ccc(OCCCCN3CCN(c4cccc(Cl)c4Cl)CC3)cc2[nH]1,[M+H]+,202.4,204.1587371826172
O=c1nc[nH]c2c1ncn2[C@@H]1O[C@H](COP(=O)(O)O)[C@@H](O)[C@H]1O,[M-H]-,171.2,166.2725067138672
CNCCc1c[nH]c2ccccc12,[M+H]+,142.5,136.61785888671875
Nc1ccccc1C(=O)CC(N)C(=O)O,[M+Na]+,152.95,154.34368896484375
C[C@H]1[C@H]2[C@H](C[C@H]3[C@@H]4CC=C5C[C@@H](O)CC[C@]5(C)[C@H]4CC[C@@]32C)O[C@]12CC[C@@H](C)CO2,[M+H]+,208.4,207.19119262695312
CCCCCCCC/C=C\CCCCCCCCCC(=O)OC[C@H](COP(=O)(O)OCCN)OC(=O)CCCCCCCCCCCCC,[M+H]+,275.72,272.70794677734375
Cc1cn([C@H]2C[C@H](O)[C@@H](COP(=O)(O)O)O2)c(=O)[nH]c1=O,[M+Na]+,170.0,169.77584838867188
CC(O)(CC(=O)O)CC(=O)O,[M-H]-,125.0803831,126.08710479736328
OC[C@H]1O[C@@](CO)(O[C@H]2O[C@H](CO[C@H]3O[C@H](CO)[C@H](O)[C@H](O)[C@H]3O)[C@@H](O)[C@H](O)[C@H]2O)[C@@H](O)[C@@H]1O,[M+H]+,209.0,206.03598022460938
O=c1ccn([C@H]2C[C@H](O)[C@@H](COP(=O)(O)O)O2)c(=O)[nH]1,[M-H]-,156.0041583,158.2135772705078
O=C1OC(CN2CCOCC2)CN1/N=C/c1ccc([N+](=O)[O-])o1,[M+H]+,166.9,172.30470275878906
CCC(C)[C@H](NC(=O)[C@@H](N)CCC(N)=O)C(=O)N[C@@H](CO)C(=O)N[C@H](C(=O)N[C@@H](CCCNC(=N)N)C(=O)O)C(C)C,[M+H]+,241.4,241.1049346923828
O=C([O-])[C@@H](O)[C@@H](O)C(=O)[O-],[M-H]-,118.1,118.39793395996094
CCCCC/C=C\C/C=C\C/C=C\CCCCC(=O)OC[C@@H](O)COP(=O)([O-])OCC[N+](C)(C)C,[M+Na]+,228.97,229.6842041015625
CC1=NS(=O)(=O)c2cc(Cl)ccc2N1,[M+H]+,143.7,143.64768981933594
C=C1CC2OC2(C)CC[C@@H]2[C@@H]1CC2(C)C,[M+H]+,144.2,144.75587463378906
O=C(O)[C@H]1O[C@H](O)[C@H](O)[C@@H](O)[C@H]1O,[M+Na]+,145.3,146.00132751464844
N[C@H](CO)Cc1cnc[nH]1,[M+Na]+,136.5666667,138.10513305664062
CCCCCCCC/C=C\CCCCCCCC(=O)OCC(O)CO,[M+Na]+,197.3,202.5000457763672
CCC=CCC=CCC(=O)OC[C@H](COP(=O)(O)OCC[N+](C)(C)C)OC(=O)CC=CCC=CCC,[M+H]+,220.8,224.40138244628906
CCCCC/C=C\C/C=C\C/C=C\C/C=C\CCCCCC(=O)O[C@H](COC(=O)CCCCCCCCCCC/C=C\C/C=C\CCCCC)COP(=O)(O)OCCN,[M-H]-,285.57,286.9189147949219
CCC(Cc1c(I)cc(I)c(N)c1I)C(=O)O,[M+H]+,172.7,183.8577423095703
CCCCCCCCC(=O)OC[C@H](COP(=O)(O)OCC(O)CO)OC(=O)CCCCCCCC,[M-H]-,224.9,224.42335510253906
CCCCCC/C=C\CCCCCCCC(=O)O[C@H](COC(=O)CCCCCCC/C=C\CCCCCCCCC)COP(=O)(O)OC[C@H](N)C(=O)O,[M+H]+,278.4,281.1083068847656
Cc1cc2nc3c(=O)[nH]c(=O)nc-3n(C[C@H](O)[C@H](O)[C@H](O)CO)c2cc1C,[M-H]-,186.1,184.57789611816406
CCCCCCCCC(=O)OC[C@H](COP(=O)(O)OCCN)OC(=O)CCCCCCCC,[M-H]-,218.1,216.10731506347656
O=C(O)CCC1=C(CC(=O)O)c2cc3nc(cc4[nH]c(cc5[nH]c(cc1n2)c(CC(=O)O)c5CCC(=O)O)c(CC(=O)O)c4CCC(=O)O)C(CC(=O)O)=C3CCC(=O)O,[M+H]+,285.1,269.203369140625
C[n+]1cccc(C(=O)[O-])c1,[M+H]+,124.0,124.05961608886719
COC(=O)Cc1c[nH]c2ccccc12,[M+H]+,138.7,139.5633087158203
CCCCC/C=C\CCCCCCCC(=O)OC[C@H](COP(=O)(O)OCCN)OC(=O)CCCCCCCCCCCCCCCCCCCCC,[M+Na]+,284.35,285.2432861328125
OC[C@H]1O[C@H](O[C@H]2[C@H](O)[C@@H](CO)O[C@@]2(CO)O[C@H]2O[C@H](CO)[C@@H](O)[C@H](O)[C@H]2O)[C@H](O)[C@@H](O)[C@@H]1O,[M+Na]+,202.7,208.1171417236328
COc1cc(O)c(C(C)=O)c(OC)c1,[M+H]+,135.9,138.30947875976562
C[C@@H]1O[C@@H](Oc2c(-c3ccc(O)c(O)c3)oc3cc(O)cc(O)c3c2=O)[C@H](O)[C@H](O)[C@H]1O,[M+Na]+,205.9,213.05479431152344
CCCCC/C=C\C/C=C\C/C=C\CCCCCCC(=O)OC[C@H](COP(=O)(O)OC[C@H](N)C(=O)O)OC(=O)CCCCCCC/C=C\C/C=C\CCCCC,[M+Na]+,291.76,289.6578063964844
CC(C)[C@H](N)C(=O)N[C@@H](Cc1ccccc1)C(=O)N[C@@H](C)C(=O)N[C@@H](CC(=O)O)C(=O)N[C@@H](Cc1ccc(O)cc1)C(=O)N[C@@H](CCC(=O)O)C(=O)N[C@@H](CCC(=O)O)C(=O)N[C@@H](Cc1ccc(O)cc1)C(=O)N[C@H](C(=O)N[C@@H](CCCCN)C(=O)O)C(C)C,[M+H]+,366.4,356.475341796875
C[N+](C)(C)CCCC(=O)[O-],[M+H]+,130.0485884,131.281982421875
C#C[C@]1(O)CC[C@H]2[C@@H]3CCC4=CC(=O)CC[C@@H]4[C@H]3CC[C@@]21CC,[M+H]+,178.6,178.45216369628906
C=C[C@H]1[C@H](O[C@@H]2O[C@H](CO)[C@@H](O)[C@H](O)[C@H]2O)OC=C(C(=O)OC)[C@H]1CC=O,[M-H]-,191.59,188.03184509277344
O=c1ccn([C@@H]2O[C@H](COP(=O)(O)OP(=O)(O)O)[C@@H](O)[C@H]2O)c(=O)[nH]1,[M-H]-,172.9,167.9138946533203
CCCCC/C=C\C/C=C\CCCCCCCCCCCC(=O)O[C@H](COC(=O)CCCCCCC/C=C\C/C=C\CCCCC)COP(=O)(O)OCCN,[M+H]+,288.1,285.33697509765625
CCCCC/C=C\C/C=C\C/C=C\C/C=C\CCCCCC(=O)O[C@H](COC(=O)CCCCCCCCCCC)COP(=O)(O)OC[C@@H](O)CO,[M-H]-,268.81,266.6678466796875
CC(=O)Oc1cc(OC(C)=O)c2c(c1)O[C@H](c1ccc(OC(C)=O)c(OC(C)=O)c1)[C@H](OC(C)=O)C2,[M+H]+,207.3,207.6377716064453
CC=CCC=CCC=CCC=CCC=CCC=CCC=CCC=CCC(=O)OC[C@H](COP(=O)(O)OC[C@H](N)C(=O)O)OC(=O)CC=CCC=CCC=CCC=CCC=CCC=CCC=CC,[M+Na]+,294.9,301.72857666015625
CN1CC[C@]23c4c5ccc(O)c4O[C@H]2[C@@H](O)CC[C@H]3[C@H]1C5,[M+H]+,163.6,165.08175659179688
CC(C)C[C@@H](NC(=O)OCC1c2ccccc2-c2ccccc21)C(=O)O,[M+Na]+,183.3,186.30787658691406
C[C@@H]1NC(=O)N[C@@H]1CCCCCC(=O)O,[M+H]+,144.1,150.03346252441406
NCCOP(=O)(O)OP(=O)(O)OC[C@H]1O[C@@H](n2ccc(N)nc2=O)[C@H](O)[C@@H]1O,[M-H]-,188.2,181.77430725097656
CC/C=C\C/C=C\C/C=C\CCCCCCCC(=O)OC[C@H](COP(=O)(O)OCCN)OC(=O)CCCCC/C=C\C/C=C\C/C=C\C/C=C\CCCCC,[M+H]+,281.69,279.7354431152344
CCCCC/C=C\C/C=C\CCCCCCCCCCCC(=O)O[C@H](COC(=O)CCCCCCCCCCCC)COP(=O)(O)O[C@H]1C(O)C(O)C(O)[C@@H](O)C1O,[M-H]-,290.65,287.6685791015625
COc1ccc(CCN(C)CCCC(C#N)(c2ccc(OC)c(OC)c2)C(C)C)cc1OC,[M+H]+,210.2,212.88478088378906
CCCCCCCCCCCCCCCCCCCCCCCCCCCC(=O)OC[C@@H](O)COP(=O)(O)OCC[N+](C)(C)C,[M+H]+,271.49,268.7779541015625
CC(=O)Oc1ccccc1C(=O)O,[M+Na]+,146.8,143.22982788085938
C=CC(C)(C)C12CC3C(=O)N/C(=C/c4cnc[nH]4)C(=O)N3C1Nc1ccccc12,[M+H]+,179.0,191.40106201171875
CC(=O)Nc1ccc(S(=O)(=O)Nc2cc(C)on2)cc1,[M+H]+,171.4500015,162.24740600585938
CC(CC(=O)O)C(=O)O,[M-H]-,124.3,120.31253814697266
CCCCCCCCCC/C=C\CCCCCCCCCC(=O)O[C@H](COC(=O)CCCCCCCCCCCCCCC)COP(=O)(O)OC[C@H](N)C(=O)O,[M-H]-,296.1,284.5549011230469
CCCCC/C=C\C/C=C\CCCC/C=C\CCCC(=O)O[C@H](COC(=O)CCCCCCCCCCCCCCCCC)COP(=O)([O-])OCC[N+](C)(C)C,[M+H]+,295.16,293.8513488769531
C[C@H](NC(=O)[C@H](CC(=O)O)NC(=O)[C@H](C[C@@H](C)O)NC(=O)[C@H](Cc1ccc(O)cc1)NC(=O)[C@H](C[C@@H](C)O)NC(=O)[C@H](Cc1ccccc1)NC(=O)CNC(=O)[C@@H]1CCCN(C(=O)[C@H](C)NC(=O)[C@H](CCC(N)=O)NC(=O)CNC(=O)[C@@H](N)C[C@@H](C)O)C1)C(=O)N[C@@H](CC(N)=O)C(=O)N[C@@H](CCCCN)C(=O)O,[M+H]+,365.46,393.6796875
CCCC=CCC=CCC(=O)OC[C@H](COP(=O)(O)O)OC(=O)CC=CCC=CCCC,[M-H]-,207.1,205.80947875976562
Nc1ncnc2c1ncn2[C@@H]1O[C@H](COP(=O)(O)OP(=O)(O)OC[C@@H](O)[C@@H](O)[C@@H](O)C=O)[C@@H](O)[C@H]1O,[M+H]+,211.4,209.0558319091797
COc1ccc2c3c1O[C@H]1C(OC(C)=O)=CC[C@H]4[C@@H](C2)N(C)CC[C@]314,[M+H]+,178.2,180.30197143554688
COC(=O)Nc1nc2ccccc2[nH]1,[M+H]+,134.94,142.51622009277344
CCCC/C=C\CCCCCCCC(=O)O[C@H](CO/C=C\CCCCCCCCCCCCCC)COP(=O)(O)OC[C@@H](O)CO,[M-H]-,255.3,255.8915252685547
CC(=O)c1c(O)cc(O)cc1O,[M+H]+,129.0,130.0818328857422
COc1nc(C)nc(NC(=O)NS(=O)(=O)c2ccccc2CCC(F)(F)F)n1,[M+H]+,187.01,185.0747528076172
CCCCC/C=C\C/C=C\CCCCCCCCCCCC(=O)O[C@H](CO)COP(=O)(O)OCCN,[M-H]-,232.4,223.31553649902344
CCCCCCCC/C=C\CCCCCCCCCC(=O)O[C@H](COC(=O)CCCCCCCCC/C=C\CCCCCCCCCC)COP(=O)(O)OC[C@H](N)C(=O)O,[M+H]+,299.09,300.6357421875
NC(N)=NOCC[C@H](N)C(=O)O,[M+H]+,133.3,138.6479034423828
COc1ccc2c(c1)OCC(Cc1ccc(OC)c(OC)c1)C2=O,[M+H]+,176.6,176.5552215576172
CCCCC[C@H](O)/C=C/[C@H]1OC(O)C[C@H](O)[C@@H]1C/C=C\CCCC(=O)O,[M-H]-,194.44,191.86106872558594
CCCCC/C=C\C/C=C\CCCCCCCCCC(=O)O[C@H](CO/C=C\CCCCCCCCCCCCCCCCCC)COP(=O)(O)OCCN,[M+H]+,290.0,286.3140563964844
CCCCCC/C=C\CCCCCCCC(=O)O[C@H](COC(=O)CCCCCCCCCCCCCCC)COP(=O)(O)OC[C@H](N)C(=O)O,[M+H]+,275.8,273.2642822265625
CON(C)C(=O)Nc1ccc(Br)cc1,[M+H]+,145.41,145.1811065673828
CCCCC/C=C\C/C=C\C/C=C\CCCCC(=O)OC[C@H](COP(=O)(O)OCCN)OC(=O)CCCCCCCCCCCCCCCC,[M-H]-,260.59,266.10614013671875
CCCC=CCC=CCC=CCC=CCC=CCC=CCC=CCC(=O)O[C@H](COC(=O)CC=CCC=CCC=CCC=CCC=CCC=CCC=CCCCC)COP(=O)(O)OC[C@H](N)C(=O)O,[M+Na]+,314.6,311.19293212890625
CC[C@H](C)[C@@H]1NC(=O)[C@H](Cc2ccc(O)cc2)NC(=O)[C@@H](N)CSSC[C@@H](C(=O)N2CCC[C@H]2C(=O)N[C@@H](CC(C)C)C(=O)NCC(N)=O)NC(=O)[C@H](CC(N)=O)NC(=O)[C@H](CCC(N)=O)NC1=O,[M+H]+,303.8,296.21142578125
N[C@@H](CCC(=O)N[C@@H](CCC(=O)O)C(=O)O)C(=O)O,[M+H]+,162.6,161.1967010498047
N[C@@H](CCCC(=O)O)C(=O)O,[M+Na]+,142.2270928,140.21934509277344
COc1c(O)cc2c(c1O)[C@@H]1O[C@H](CO)[C@@H](O)[C@H](O)[C@H]1OC2=O,[M+H]+,168.3,167.66151428222656
CCCCCCCCCCCCCCCCCCCCCCCC(=O)N[C@@H](CO[C@@H]1O[C@H](CO)[C@@H](O)C(O)C1O)[C@H](O)CCCCCCCCCCCCCCC,[M+Na]+,305.67,305.8125
CCCCC/C=C\C/C=C\CCCCCCCCCCCC(=O)O[C@H](COC(=O)CCCCCCCCCCC)COP(=O)(O)OC[C@H](N)C(=O)O,[M+Na]+,280.53,279.87310791015625
CS(=N)(=O)CCC(N)C(=O)O,[M-H]-,136.2,138.52760314941406
COc1ccc2c3c1O[C@H]1[C@@H](O)C=C[C@H]4[C@@H](C2)NCC[C@]314,[M+H]+,166.1,167.15887451171875
C=C(C)[C@H]1CN[C@H](C(=O)O)[C@H]1CC(=O)O,[M+H]+,144.2,142.3658905029297
CCCCC/C=C\C/C=C\CCCCCCCC(=O)O[C@H](COC(=O)CCCCCCCCCCC)COP(=O)(O)O[C@H]1C(O)C(O)C(O)[C@@H](O)C1O,[M-H]-,283.6,273.8492126464844
CCCCC/C=C\C/C=C\C/C=C\CCCCC(=O)OC[C@H](COP(=O)(O)OCCN)OC(=O)CCCCCCCCCCCCC,[M-H]-,259.05,256.19976806640625
CSc1nc(NC(C)C)nc(NC(C)C)n1,[M+H]+,160.6,156.76690673828125
CC(=O)[C@H]1CC[C@H]2[C@@H]3CC=C4C[C@@H](OS(=O)(=O)O)CC[C@]4(C)[C@H]3CC[C@]12C,[M-H]-,205.0535702,198.84422302246094
CCCCCCCCCCCCCCCCOC[C@@H](O)COP(=O)(O)OCCN,[M+H]+,216.38,212.41004943847656
CCCCCCCCCCCCCCCC(=O)O[C@H](COCCCCCCCCCCCCCC)COP(=O)([O-])OCC[N+](C)(C)C,[M+H]+,280.8,277.12152099609375
CCCCCCCCCCCCCC(=O)OC[C@H](COP(=O)([O-])OCC[N+](C)(C)C)OC(C)=O,[M+H]+,230.15,225.8988037109375
CCCC/C=C\CCCCCCCC(=O)O[C@H](CO/C=C\CCCCCCCCCCCCCCCCCC)COP(=O)(O)OC[C@@H](O)CO,[M-H]-,266.58,265.9510498046875
CCCCCC(=O)/C=C/C=C/CCCCCCCC(=O)O,[M+H]+,179.4,182.0341033935547
CCCc1nc(C)c2c(=O)nc(-c3cc(S(=O)(=O)N4CCN(CC)CC4)ccc3OCC)[nH]n12,[M+H]+,225.8,211.8333740234375
COc1c2ccoc2c(OC)c2oc(=O)ccc12,[M+H]+,146.5,147.5829315185547
CCCC/C=C\CCCCCCCC(=O)OC[C@H](COP(=O)(O)O[C@H]1C(O)C(O)C(O)[C@@H](O)C1O)OC(=O)CCCCCCCCC/C=C\CCCCCCCCCC,[M-H]-,289.3,290.3394775390625
CCCCCCCCCCCCCCCC(=O)O[C@H](COC(=O)CCCCCCCC[C@H](C)CCCCCCCC)COP(=O)(O)OCCN,[M-H]-,250.38,270.07489013671875
CCCCC/C=C\CCCCCCCC(=O)OC[C@H](COP(=O)([O-])OCC[N+](C)(C)C)OC(=O)CCCCCCC/C=C\CCCCC,[M+H]+,273.66,271.7854309082031
CC/C=C\C/C=C\C/C=C\C/C=C\CCCCC(=O)O[C@H](COC(=O)CCC/C=C\C/C=C\C/C=C\C/C=C\CCCCC)COP(=O)(O)OCCN,[M-H]-,273.3,268.22259521484375
Nc1nccs1,[M+H]+,117.2,114.64237976074219
COC1=C(OC)C(=O)C(CCCCCCCCCCO)=C(C)C1=O,[M+H]+,178.6,183.69432067871094
CC(C)CCCC(C)CCCC(C)CCCC(C)CC(=O)O,[M-H]-,183.1718193,184.00440979003906
Cn1c(=O)c2c(ncn2C)n(C)c1=O,[M+Na]+,142.9333333,152.50656127929688
CCCCCCCCCCCCCCCCCCCCC(=O)O[C@H](COC(=O)CCCCCCCCCCC)COP(=O)(O)O,[M-H]-,254.5,253.52735900878906
CC/C=C\C/C=C\C/C=C\C/C=C\C/C=C\CCCC(=O)O[C@H](COC(=O)CCCCCCC/C=C\CCCCCCC)COP(=O)([O-])OCC[N+](C)(C)C,[M+H]+,287.46,284.78155517578125
C[C@H](CCC(=O)NCCS(=O)(=O)O)[C@H]1CC[C@H]2[C@H]3[C@H](C[C@H](O)[C@@]21C)[C@@]1(C)CC[C@@H](O)C[C@H]1C[C@H]3O,[M+Na]+,211.15,210.92959594726562
C[C@H](CCC(=O)O)[C@H]1CC[C@H]2[C@@H]3C(=O)C[C@@H]4C[C@H](O)CC[C@]4(C)[C@H]3CC(=O)[C@@]21C,[M+Na]+,204.8,195.4551239013672
N[C@@H](CSSC[C@H](N)C(=O)O)C(=O)O,[M-H]-,143.695,142.8131103515625
Cc1ccc(-c2cc(C(F)(F)F)nn2-c2ccc(S(N)(=O)=O)cc2)cc1,[M+H]+,186.25,185.3601531982422
CC/C=C\C/C=C\C/C=C\CCCCCCCC(=O)O[C@H](COC(=O)CCCCCCCCC/C=C\CCCCCCCC)COP(=O)(O)OC[C@@H](O)CO,[M+Na]+,289.0,287.9842224121094
CCCCCCCCCC/C=C\CCCCCCCCCC(=O)O[C@H](COC(=O)CCCCCCCCCCCCCCCCC)COP(=O)(O)O,[M-H]-,274.06,273.6551818847656
OCc1nnc2n1-c1ccc(Cl)cc1C(c1ccccc1)=NC2,[M+H]+,173.3,172.37547302246094
CCCC/C=C\C/C=C\CCCCCCCC(=O)O[C@H](COCCCCCCCCCCCCCCCCCC)COP(=O)(O)OCCN,[M-H]-,264.56,262.967529296875
O=P(O)(O)OC[C@H]1O[C@H](O[C@H]2O[C@H](CO)[C@@H](O)[C@H](O)[C@H]2O)[C@H](O)[C@@H](O)[C@@H]1O,[M+Na]+,192.4288329,190.48365783691406
CCc1cccc2c3c([nH]c12)C(CC)(CC(=O)O)OCC3,[M+H]+,164.4,164.26756286621094
O=C(O)CNC(=O)c1cccnc1,[M+H]+,143.6,138.49908447265625
CCCCCCCC/C=C\CCCCCCCCCC(=O)O[C@H](COC(=O)CCCCCCCCCCCCCC)COP(=O)(O)O[C@H]1C(O)C(O)C(O)[C@@H](O)C1O,[M-H]-,286.9,288.793212890625
CC1=C(/C=C/C(C)=C\C=C\C(C)=C\C=O)C(C)(C)CCC1,[M+H]+,170.1,167.99053955078125
CC/C=C\C/C=C\C/C=C\C/C=C\CCCCC(=O)O[C@H](CO/C=C\CCCCCCCCCCCCCCCC)COP(=O)(O)OCCN,[M+H]+,273.9,270.426025390625
CCCCCCCCCCCCC=CC[C@@H](O)[C@H](CO)NC(=O)CCCCCCCCCCCCCCC,[M+H]+,253.6,252.3829803466797
COc1cc(OC)c2c(c1)OC(c1ccccc1)CC2=O,[M+H]+,162.8,164.1467742919922
CCCCCCCCCC/C=C\CCCCCCCCCC(=O)OC[C@H](COP(=O)(O)OCCN)OC(=O)CCCCCCCCCCCCCCCC,[M-H]-,289.1,279.3263854980469
CC(CN1CCN(CCOCCO)CC1)CN1c2ccccc2Sc2ccccc21,[M+H]+,201.0,202.03314208984375
CCCCCCCCCCCCC=CC[C@@H](O)[C@H](CO[C@@H]1O[C@H](CO)[C@@H](O)C(O)C1O)NC(=O)CCCCCCCCCCCCCCCCCCC,[M+H]+,290.525,293.3952331542969
CC/C=C\C/C=C\C/C=C\C/C=C\C/C=C\CCCC(=O)OC[C@H](COP(=O)(O)OCCN)OC(=O)CCCCCCCCC/C=C\CCCCCCCC,[M+H]+,284.82,282.10321044921875
C=CC1=C(C(=O)O)N2C(=O)[C@@H](NC(=O)/C(=N\O)c3csc(N)n3)[C@H]2SC1,[M+H]+,190.5,187.31153869628906
Cc1nnc(-c2ccccc2)c(=O)n1N,[M+H]+,140.93,142.41976928710938
CCCCC/C=C\C/C=C\C/C=C\CCCCC(=O)OC[C@H](COP(=O)([O-])OCC[N+](C)(C)C)OC(=O)CCCCCCCCC/C=C\C/C=C\CCCCC,[M-H]-,289.3,284.75140380859375
CN(C)C(=O)Nc1ccc(Cl)c(Cl)c1,[M+H]+,151.6598668,146.85691833496094
CC/C=C\C/C=C\C/C=C\CCCCCCCCCC(=O)NCCO,[M+H]+,195.34,194.78341674804688
CCCC/C=C\CCCCCCCC(=O)OC[C@H](COP(=O)(O)OC[C@@H](O)CO)OC(=O)CCCCCCCCC/C=C\C/C=C\CCCCC,[M+Na]+,275.1,277.17169189453125
COc1cc2nc(N3CCN(C(=O)C4COc5ccccc5O4)CC3)nc(N)c2cc1OC,[M+H]+,202.9,211.7238311767578
CSCC[C@H](NC(=O)CC[C@H](N)C(=O)O)C(=O)O,[M+H]+,165.1,167.79640197753906
CCCCCC/C=C\CCCCCCCC(=O)OC[C@H](COP(=O)(O)OCCNC(=O)CCCCCCCCCCCCCCC)OC(=O)CCCCCCCCCCCCCCCCC,[M-H]-,323.73,315.76025390625
O=c1[nH]cnc2c1ncn2[C@@H]1O[C@H](COP(=O)([O-])[O-])[C@@H](O)[C@H]1O,[M+Na]+,174.566665,173.91265869140625
CCCCCCCCCCCCC=CC[C@@H](O)[C@H](COP(=O)([O-])OCC[N+](C)(C)C)NC(=O)CC=CCC=CCCCCCCCCCCCCCCC,[M+H]+,294.6,296.02105712890625
N[C@@H](Cc1cc(I)c(Oc2ccc(O)cc2)c(I)c1)C(=O)O,[M+Na]+,189.4,192.40560913085938
CC(C)=CCC[C@@H](C)[C@H]1CC[C@H]2[C@@H]3CC=C4C[C@@H](O)CC[C@]4(C)[C@H]3CC[C@@]21C,[M-H]-,210.0490615,204.1409454345703
CCCCC/C=C\C/C=C\CCCCCCCC(=O)OC[C@H](COP(=O)(O)O[C@H]1C(O)C(O)C(O)[C@@H](O)C1O)OC(=O)CCCCCCC/C=C\C/C=C\CCCCC,[M-H]-,283.365,287.9145202636719
CC(=O)N[C@@H](Cc1c[nH]c2ccccc12)C(N)=O,[M+Na]+,159.3,161.28651428222656
O=C(C1CCCCC1)N1CC(=O)N2CCc3ccccc3C2C1,[M+H]+,176.5,176.00526428222656
CCCCCCCCCCCCCCCCCCCCCCCCCC(=O)OC[C@@H](O)COP(=O)(O)OCC[N+](C)(C)C,[M+Na]+,268.21,261.7840576171875
O=C1C(CCS(=O)c2ccccc2)C(=O)N(c2ccccc2)N1c1ccccc1,[M+H]+,193.5,197.9172821044922
CCCCCCCCCCCC=CCC=CCC=CCC=CCC=CCC(=O)OC[C@H](COP(=O)(O)OCCN)OC(=O)CC=CCC=CCC=CCC=CCCCCCCCCCCCCC,[M-H]-,308.8,309.85394287109375
NCCCNCCCCNCCCN,[M+Na]+,151.5,150.584228515625
CC/C=C\C/C=C\C/C=C\C/C=C\C/C=C\C/C=C\CCC(=O)O[C@H](CO/C=C\CCCCCC/C=C\CCCCCCCC)COP(=O)(O)OCCN,[M+H]+,283.0,276.7280578613281
CS(=N)(=O)CC[C@H](N)C(=O)O,[M+H]+,139.3,137.4394073486328
CCn1cc(C(=O)O)c(=O)c2cnc(N3CCNCC3)nc21,[M+H]+,172.65,168.98150634765625
CC(C)=CCC[C@]1(C)C=Cc2c(O)c3c(c(CC=C(C)C)c2O1)O[C@]12C(=C[C@@H]4C[C@H]1C(C)(C)O[C@@]2(C/C=C(/C)C(=O)O)C4=O)C3=O,[M+H]+,239.0,241.0362091064453
CCCCCCCCCCCCCCCCCCCCCC(=O)OC[C@H](COP(=O)(O)OCCN)OC(=O)CCCCCCCCCCC,[M+H]+,278.9,275.500244140625
CCCCC/C=C\C/C=C\CCCCCCCCCCCC(=O)O[C@H](COC(=O)CCCCCCCCCCCCCCCCC)COP(=O)(O)O[C@H]1C(O)C(O)C(O)[C@@H](O)C1O,[M+Na]+,300.0,307.6001281738281
CCCC/C=C\CCCCCCCC(=O)OC[C@H](COP(=O)(O)OC[C@@H](O)CO)OC(=O)CCCCCCCCCCCCCCCCCCCC,[M-H]-,273.2,276.22039794921875
Nc1c(Cl)c(Cl)nc(C(=O)O)c1Cl,[M+H]+,142.8303179,139.86241149902344
CN(C)CCC=C1c2ccccc2CCc2ccccc21,[M+H]+,167.2,169.4203338623047
C[C@H]1CCCC(=O)CCC/C=C\c2cc(O)cc(O)c2C(=O)O1,[M-H]-,167.0,175.6983184814453
OCC1(O)OC[C@H](O)[C@@H](O)[C@@H]1O,[M+Na]+,141.35,141.1480255126953
CCOc1ccc2c(c1)C(C)=CC(C)(C)N2,[M+H]+,152.6,150.65328979492188
CCCCC/C=C\C/C=C\C/C=C\C=C\[C@@H](O)CCCC(=O)O,[M+Na]+,188.2062566,189.61972045898438
N[C@@H](CCOC(=O)CCC(=O)O)C(=O)O,[M+Na]+,146.4602284,150.8666229248047
CCCCCCCCCCCCCCCC/C=C\OC[C@H](COP(=O)(O)OCCN)OC(=O)CCCCCCCCCCCCCCCCCC,[M+H]+,286.49,281.98828125
CCCCC/C=C\C/C=C\C/C=C\C/C=C\CCCCCC(=O)OC[C@@H](O)COP(=O)(O)OCCN,[M-H]-,225.3,218.4950714111328
CC(C)C1(C)N=C(c2ncccc2C(=O)O)NC1=O,[M-H]-,164.95,160.17739868164062
CC/C=C\C/C=C\C/C=C\C/C=C\C/C=C\C/C=C\CCC(=O)O[C@H](COC(=O)CCCCCCCCC/C=C\C/C=C\CCCCC)COP(=O)(O)OCCN,[M+H]+,290.0,284.267578125
Cn1c(=O)c2c(ncn2C)n(C)c1=O,[M+H]+,140.05,137.55300903320312
CCCCC/C=C\C/C=C\CCCCCCCC(=O)OC[C@H](COP(=O)(O)OCCN)OC(=O)CCCCCCCCC/C=C\CCCCCCCCCC,[M+H]+,291.95,287.79046630859375
CCCCCCCCCCCCCCCCCCCCCCC(=O)OC[C@@H](O)COP(=O)(O)OCC[N+](C)(C)C,[M+Na]+,257.66,252.98580932617188
CC/C=C\C/C=C\C/C=C\C/C=C\CCCCC(=O)O[C@H](COC(=O)CCCCCC/C=C\C/C=C\C/C=C\CCCCC)COP(=O)([O-])OCC[N+](C)(C)C,[M+H]+,288.75,286.38311767578125
OC[C@H]1O[C@@H](O[C@@H]2[C@@H](CO)O[C@H](O)[C@H](O)[C@H]2O)[C@H](O)[C@@H](O)[C@@H]1O,[M+Na]+,175.7,177.8115234375
CCCCC/C=C\C/C=C\CCCCCCCCCCCC(=O)O[C@H](COC(=O)CCCCCCCCCCCCCCCCCCC)COP(=O)(O)OC[C@H](N)C(=O)O,[M+Na]+,302.0,303.3450927734375
CC1=C(CC(=O)O)c2cc(F)ccc2/C1=C\c1ccc(S(C)=O)cc1,[M+H]+,192.1,182.56275939941406
Cc1cnc(NC(=O)C2=C(O)c3ccccc3S(=O)(=O)N2C)s1,[M+H]+,173.9,172.483154296875
CCCCCCCCCCCCCCOC[C@H](COP(=O)([O-])OCC[N+](C)(C)C)OC(C)=O,[M+H]+,229.75,226.3972930908203
COc1ccc2[nH]cc(CCN(C)C)c2c1,[M-H]-,153.7590478,151.52310180664062
C(=C/N1CCN(C(c2ccccc2)c2ccccc2)CC1)\Cc1ccccc1,[M+H]+,203.6,201.58323669433594
NCCP(=O)(O)O,[M+Na]+,136.5,133.6088104248047
NC[C@H](O)CC[C@H](N)C(=O)O,[M-H]-,132.8475208,131.68350219726562
N[C@@H](Cc1c[nH]c2ccc(O)cc12)C(=O)O,[M+Na]+,154.3349548,155.9066925048828
CCCCC/C=C\C/C=C\CCCCCCCCCCCC(=O)O[C@H](COC(=O)CCCCCCCCCCCCCCCCC)COP(=O)(O)OC[C@H](N)C(=O)O,[M-H]-,300.85,288.32110595703125
CCCCCCCCCC/C=C\CCCCCCCCCC(=O)OC[C@@H](O)COP(=O)(O)OC[C@H](N)C(=O)O,[M-H]-,234.2,231.8522491455078
CCCCCCCCCCCCCCCCC(=O)OC[C@H](COP(=O)(O)OC[C@H](N)C(=O)O)OC(=O)CCCCCCCCCCCCCCCC,[M-H]-,271.21,276.7579345703125
CCCCCCCCCCCCC/C=C/[C@@H](O)[C@H](CO)NC(=O)CCCCCCCCCCCCCCCCC,[M+Na]+,256.4,264.0035400390625
CC/C=C\C/C=C\C/C=C\C/C=C\C/C=C\C/C=C\CCC(=O)OC[C@H](COP(=O)([O-])OCC[N+](C)(C)C)OC(=O)CCCCCCC/C=C\CCCCCCC,[M+H]+,292.925,290.98822021484375
CCCCC/C=C\C/C=C\C/C=C\CCCCCCC(=O)O[C@H](COC(=O)CCCCCCCCCCCC)COP(=O)(O)OCCN,[M-H]-,255.82,259.434326171875
CCCCCCCC/C=C\CCCCCCCC(=O)O[C@H](COC(=O)CCCCCCCCCCCCCCCC)COP(=O)([O-])OCC[N+](C)(C)C,[M+H]+,287.905,289.6091003417969
CCCCOC(=O)[C@@H](C)Oc1ccc(Oc2ccc(C(F)(F)F)cn2)cc1,[M+H]+,194.8,187.4213409423828
Nc1nc2c(ncn2[C@@H]2O[C@H](COP(=O)(O)O)[C@@H](O)[C@H]2O)c(=O)[nH]1,[M+Na]+,177.9514285,182.46804809570312
Oc1c(Cl)cc(Cl)c2cccnc12,[M+H]+,134.3,134.6765594482422
CCCCCCCCCCCCC=CC[C@@H](O)[C@H](CO[C@@H]1O[C@H](CO)[C@@H](O)C(O)C1O)NC(=O)CCCCCCCCCCCCCCCCCCCCC,[M+Na]+,296.5,298.734375
CCCCCCCCCCCCCCCC(=O)O[C@H]1CC[C@@]2(C)C(=CC[C@@H]3[C@@H]2CC[C@@]2(C)[C@H]3CC[C@@H]2[C@H](C)CCCC(C)C)C1,[M+Na]+,286.3,277.4673156738281
COc1ccc(-c2coc3cc(O)cc(O)c3c2=O)cc1,[M+H]+,160.9,161.4344940185547
CC/C=C\C/C=C\C/C=C\CCCCCCCC(=O)O[C@H](CO/C=C\CCCCCCCCCCCCCCCC)COP(=O)(O)OCCN,[M-H]-,268.4,264.7225036621094
CCCC/C=C\C/C=C\CCCCCCCC(=O)O[C@H](COC(=O)CCCCCCCCCCCCCCCCCC)COP(=O)(O)OC[C@H](N)C(=O)O,[M-H]-,275.375,277.57275390625
Cc1c(Cl)cccc1Nc1ccccc1C(=O)O,[M+H]+,154.65,155.1559295654297
CCCCC/C=C\C/C=C\CCCCCCCCCC(=O)O[C@@H](CO)COC(=O)CCCCCCCCCCCC,[M-H]-,254.1,241.44224548339844
CCCCC/C=C\C/C=C\CCCCCCCCCCCC(=O)OC[C@@H](O)COP(=O)([O-])OCC[N+](C)(C)C,[M+H]+,241.91,243.05728149414062
C=C[C@@](C)(O)CCC1C(=C)C[C@H](O)C2C(C)(C)CCCC12C,[M+H]+,176.2,168.83554077148438
CC/C=C\C/C=C\C/C=C\C/C=C\CCCCC(=O)OC[C@H](COP(=O)(O)OC[C@@H](O)CO)OC(=O)CCCC/C=C\C/C=C\C/C=C\CCCCC,[M-H]-,272.9,269.94683837890625
C[C@H](CCC(=O)O)[C@H]1CC[C@H]2[C@H]3[C@H](C[C@H](O)[C@@]21C)[C@@]1(C)CC[C@@H](O)C[C@H]1C[C@H]3O,[M-H]-,203.1,195.52317810058594
CC(=O)N[C@@H](Cc1ccccc1)C(=O)O,[M+Na]+,149.8,151.17662048339844
CCCCCCCCCCCCCCC[C@@H](O)[C@H](COP(=O)([O-])OCC[N+](C)(C)C)NC(=O)CCCCCCCCCCC,[M+H]+,276.3,271.42755126953125
CSCC[C@H](NC(=O)[C@H](CC(C)C)NC(=O)CNC(=O)[C@H](Cc1ccccc1)NC(=O)[C@H](Cc1ccccc1)NC(=O)[C@H](CCC(N)=O)NC(=O)[C@H](CCC(N)=O)NC(=O)[C@@H]1CCCN1C(=O)[C@H](CCCCN)NC(=O)[C@@H]1CCCN1C(=O)[C@@H](N)CCCN=C(N)N)C(N)=O,[M+H]+,362.51,370.127197265625
NCCc1cnc[nH]1,[M+H]+,120.2,123.39452362060547
CN(C)CCc1c[nH]c2cccc(OP(=O)(O)O)c12,[M+H]+,157.3,162.1892852783203
CCCCCCCC/C=C\CCCCCCCC(=O)OC[C@@H](O)COP(=O)(O)OC[C@@H](O)CO,[M-H]-,219.5,218.45408630371094
OCCc1c[nH]c2ccc(O)cc12,[M+H]+,138.7,137.2399139404297
CC(C)(C#N)O[C@@H]1O[C@H](CO)[C@@H](O)[C@H](O)[C@H]1O,[M+Na]+,157.3,158.05404663085938
CCCCCCCCCCCCCCCC(=O)OCC(COP(=O)([O-])OCC(O)COC(=O)C(N)CCCC[NH3+])OC(=O)CCCCCCCCCCCCCCC,[M+H]+,297.0,295.91680908203125
CC/C=C\C/C=C\C/C=C\C/C=C\CCCCC(=O)OC[C@H](COP(=O)(O)OC[C@@H](O)CO)OC(=O)CCCCCCCCC/C=C\CCCCCCCC,[M+Na]+,287.35,287.2735595703125
O=C(O)C1=C[C@@H](O)[C@@H](O)[C@H](O)C1,[M+H]+,149.4993074,136.23924255371094
CCCC/C=C\CCCCCCCC(=O)O[C@H](COCCCCCCCCCCCCCCCC)COP(=O)(O)OC[C@@H](O)CO,[M-H]-,256.91,256.0264892578125
C[C@H](CCC(=O)O)[C@H]1CC[C@H]2[C@@H]3C[C@H](O)[C@@H]4C[C@H](O)CC[C@]4(C)[C@H]3CC[C@@]21C,[M-H]-,199.2,197.49012756347656
CCCCCCCCCCCCC=CC[C@@H](O)[C@H](CO[C@@H]1O[C@H](CO)[C@@H](O)C(O)C1O)NC(=O)CC=CCCCCCCCCCCCCCC,[M+H]+,281.8,286.2412414550781
CC/C=C\C/C=C\C/C=C\C/C=C\C/C=C\CCCC(=O)OC[C@H](COP(=O)(O)OCCN)OC(=O)CCCCCCC/C=C\CCCCCCCCC,[M-H]-,270.58,273.0543212890625
CCCCC/C=C\C/C=C\CCCCCC/C=C\CCCC(=O)O,[M-H]-,184.27,184.9151153564453
CCCCC/C=C\C/C=C\C/C=C\C/C=C\CCCC(=O)O[C@H](COC(=O)CCCCCC/C=C\C/C=C\C/C=C\CCCCC)COP(=O)(O)O[C@H]1C(O)C(O)C(O)[C@@H](O)C1O,[M-H]-,302.4,293.80194091796875
CC/C=C\C/C=C\C/C=C\CCCCCCCC(=O)O[C@H](COC(=O)CCCCCCCCC/C=C\CCCCCCCC)COP(=O)(O)OC[C@@H](O)CO,[M-H]-,278.7,279.2799072265625
CCCCCCCC/C=C\CCCCCCCC(=O)O[C@H](COC(=O)CCCCCCCCCCCCCCCCCC)COP(=O)(O)OC[C@@H](O)CO,[M-H]-,278.0,278.80126953125
C[C@H]1CCC[C@H](O)CCC/C=C/c2cc(O)cc(O)c2C(=O)O1,[M-H]-,173.0,176.34071350097656
CCCCC/C=C\C/C=C\C/C=C\CCCCCCC(=O)O[C@H](COC(=O)CCCCCCC/C=C\CCCCCCCC)COP(=O)(O)OC[C@H](N)C(=O)O,[M+H]+,284.44,285.66082763671875
OCC1OC(OC2C(CO)OC(OC3C(CO)OC(OC4C(CO)OC(OC5C(CO)OC(OC6C(CO)OC(OC7C(CO)OC(OC8C(CO)OC(O)C(O)C8O)C(O)C7O)C(O)C6O)C(O)C5O)C(O)C4O)C(O)C3O)C(O)C2O)C(O)C(O)C1O,[M+Na]+,329.85,327.1844787597656
CC(Oc1ccc(Oc2ncc(C(F)(F)F)cc2Cl)cc1)C(=O)O,[M+H]+,179.86,171.79835510253906
N#CC(O)c1ccccc1,[M+H]+,128.9,126.4338150024414
CCCCCC/C=C\CCCCCCCC(=O)OC[C@H](COP(=O)([O-])OCC[N+](C)(C)C)OC(C)=O,[M+H]+,232.5,230.41017150878906
NC(=O)N[C@@H](CC(=O)O)C(=O)O,[M+Na]+,139.1,142.44146728515625
CCCCCCCCCc1ccc(OCCOCCOCCOCCOCCOCCOCCOCCOCCO)cc1,[M+H]+,245.8,245.06675720214844
O=C(O)/C=C/c1cnc[nH]1,[M+H]+,134.6,126.96125793457031
CCN(CC)CCN1C(=O)CN=C(c2ccccc2F)c2cc(Cl)ccc21,[M+H]+,185.3,190.21337890625
COc1cc(-c2coc3cc(O[C@@H]4O[C@H](CO)[C@@H](O)[C@H](O)[C@H]4O)c(OC)c(O)c3c2=O)cc(O)c1OC,[M+H]+,227.2,214.7151641845703
N=C(N)NCCC[C@H](NC(=O)CNC(=O)[C@H](CC(=O)O)NC(=O)[C@@H](N)CO)C(=O)NCC(=O)O,[M+Na]+,203.5,207.6485137939453
CC1=CC(=O)CC(C)(C)C1(O)/C=C/C(C)=C\C(=O)O,[M+H]+,160.5584358,162.7479248046875
Oc1ccc(O)cc1,[M-H]-,119.07,117.18726348876953
OC[C@H]1O[C@H](O[C@]2(CO[C@]3(CO)O[C@H](CO)[C@@H](O)[C@@H]3O)O[C@H](CO)[C@@H](O)[C@@H]2O)[C@H](O)[C@@H](O)[C@@H]1O,[M-H]-,202.78,199.33807373046875
CCCCC/C=C\C/C=C\C/C=C\C/C=C\CCCCCC(=O)OC[C@@H](COC(=O)CCCCCCCCCCCCC)OC(=O)CCCCCCCCCCCCC,[M+Na]+,310.33,308.55389404296875
COc1cc2c(c3oc(=O)c4c(c13)CCOC4=O)C1C=COC1O2,[M+H]+,164.0,165.27206420898438
OC[C@H]1O[C@H](O[C@@H]2[C@@H](CO)O[C@H](O[C@@H]3[C@@H](CO)O[C@H](O[C@@H]4[C@@H](CO)O[C@H](O[C@@H]5[C@@H](CO)O[C@H](O[C@@H]6[C@@H](CO)O[C@H](O[C@@H]7[C@@H](CO)O[C@H](O)[C@H](O)[C@H]7O)[C@H](O)[C@H]6O)[C@H](O)[C@H]5O)[C@H](O)[C@H]4O)[C@H](O)[C@H]3O)[C@H](O)[C@H]2O)[C@H](O)[C@@H](O)[C@@H]1O,[M+H]+,303.3,309.1391906738281
CCCCCCCCCCCCCCCCCCC(=O)OC[C@H](CO[C@@H]1O[C@H](CO[C@H]2O[C@H](CO)[C@H](O)C(O)C2O)[C@H](O)C(O)C1O)OC(=O)CCCCCCCCCCCCCCCCC,[M+Na]+,314.2,316.90936279296875
CC(=O)N[C@H]1C(O)O[C@H](CO)[C@@H](O)[C@@H]1O,[M+H]+,147.3,149.0264129638672
C/C=C\C/C=C\C/C=C\C/C=C\C/C=C\C/C=C\CCCC(=O)O,[M-H]-,181.47,182.99742126464844
c1cncc(C2CCCCN2)c1,[M+H]+,140.1828296,136.33236694335938
O=C1C(=O)c2cccc3cccc1c23,[M+H]+,145.5113187,133.0052947998047
CC(C(=O)O)c1cccc(C(=O)c2ccccc2)c1,[M+H]+,156.45,154.85671997070312
O=C(O)c1cccc(O)c1[O-],[M-H]-,120.6,122.3040771484375
CCCCCCCCCCCCC=CC[C@@H](O)[C@H](COP(=O)([O-])OCC[N+](C)(C)C)NC(=O)CC=CCCCCCCCCCCCCCC,[M+Na]+,285.61,285.76263427734375
OC[C@H]1O[C@H](O[C@H]2[C@H](O)[C@@H](CO)O[C@@]2(CO)O[C@H]2O[C@H](CO)[C@@H](O)[C@H](O)[C@H]2O)[C@H](O)[C@@H](O)[C@@H]1O,[M+H]+,202.6,206.13575744628906
CCCCCCCCCCCCC=CC[C@@H](O)[C@H](CO)NC(=O)CCCCCCCCCCCCCCCCCCCCCCC,[M+H]+,279.2,277.50640869140625
CN[C@@H]1[C@@H](O[C@H]2O[C@H](CO)[C@@H](N)[C@H](O)[C@H]2O)O[C@H]2C[C@@H](N)[C@@H](O[C@@H]3[C@@H](N)C[C@@H](N)[C@H](O)[C@H]3O)O[C@@H]2[C@@H]1O,[M+H]+,232.9,227.0127716064453
COc1ccc(C(CN(C)C)C2(O)CCCCC2)cc1,[M+H]+,170.2,166.78378295898438
CCCCC/C=C\C/C=C\C/C=C\CCCCC(=O)O[C@H](COC(=O)CCCCCCC/C=C\CCCCC)COP(=O)([O-])OCC[N+](C)(C)C,[M+H]+,280.15,277.69061279296875
NC(=O)Cc1c[nH]c2ccccc12,[M+Na]+,143.4,144.6584930419922
O=C(O)CCC(=O)C(=O)O,[M-H]-,122.665,122.36151123046875
CN(C)CCc1c[nH]c2ccccc12,[M+H]+,143.5,141.77381896972656
C[C@H](CCC(=O)O)[C@H]1CC[C@H]2[C@@H]3[C@H](O)[C@H](O)[C@@H]4C[C@H](O)CC[C@]4(C)[C@H]3CC[C@@]21C,[M-H]-,198.05,199.96701049804688
OC[C@H]1O[C@H](O[C@@H]2[C@@H](CO)O[C@H](O[C@@H]3[C@@H](CO)O[C@H](O[C@@H]4[C@@H](CO)O[C@H](O[C@@H]5[C@@H](CO)O[C@H](O[C@@H]6[C@@H](CO)O[C@H](O[C@@H]7[C@@H](CO)O[C@H](O)[C@H](O)[C@H]7O)[C@H](O)[C@H]6O)[C@H](O)[C@H]5O)[C@H](O)[C@H]4O)[C@H](O)[C@H]3O)[C@H](O)[C@H]2O)[C@H](O)[C@@H](O)[C@@H]1O,[M+Na]+,303.1,305.56072998046875
CCCCCCCCCCCCCCCCCCCC(=O)OC[C@H](COP(=O)([O-])OCC[N+](C)(C)C)OC(=O)CCCCCCCCCCCCCCCCCCC,[M+Na]+,309.88,306.6405334472656
CCCCCC/C=C\CCCCCCCC(=O)OC[C@H](COP(=O)(O)OC[C@@H](O)CO)OC(=O)CCCCCCCCCCCCCCCCCCC,[M+Na]+,287.5,287.4834289550781
Cc1cc(=O)n(-c2ccccc2)n1C,[M+H]+,137.75,136.8378448486328
CCCCCCCCCCCCC=CC[C@@H](O)[C@H](COP(=O)([O-])OCC[N+](C)(C)C)NC(=O)CCCCCCCCCCCCCCCCCC,[M+Na]+,290.075,290.49237060546875
CC=CCC=CCC=CCC=CCC=CCC=CCC=CCC(=O)OC[C@H](COP(=O)(O)OC[C@H](N)C(=O)O)OC(=O)CC=CCC=CCC=CCC=CCC=CCC=CCCC,[M+H]+,286.36,286.9129333496094
CCCCCCCCCCCCCCCCC(=O)[O-],[M-H]-,172.9,171.53257751464844
CO[C@H]1/C=C/O[C@@]2(C)Oc3c(C)c(O)c4c(O)c(c5c(nc6cc(C)ccn65)c4c3C2=O)NC(=O)/C(C)=C\C=C\[C@H](C)[C@H](O)[C@@H](C)[C@@H](O)[C@@H](C)[C@H](OC(C)=O)[C@@H]1C,[M+H]+,267.8,273.7815246582031
CC(=O)O[C@H]1C[C@@H](OC(C)=O)C(C)(C)C2C[C@@H](OC(C)=O)[C@@]3(C)C4=CC(=O)O[C@@H](c5ccoc5)[C@]4(C)CCC3[C@]21C,[M+H]+,224.9,224.08236694335938
NC(=O)c1cc[n+](CC2=C(C(=O)[O-])N3C(=O)[C@@H](NC(=O)Cc4cccs4)[C@H]3SC2)cc1,[M+H]+,203.5,200.824951171875
C[C@@H](O)[C@@H](O)c1cnc2[nH]c(N)nc(=O)c2n1,[M+H]+,153.5,153.5181427001953
CCCCC(=O)N(Cc1ccc(-c2ccccc2-c2nn[nH]n2)cc1)[C@H](C(=O)O)C(C)C,[M+H]+,202.0,208.6987762451172
O=c1ccn([C@H]2C[C@H](O)[C@@H](COP(=O)(O)OP(=O)(O)OP(=O)(O)O)O2)c(=O)[nH]1,[M+Na]+,185.3,185.62753295898438
O=C(O)C[C@H](O)C(=O)O,[M-H]-,118.8,116.69139099121094
CCCCCCCC/C=C\CCCCCCCC(=O)O[C@H](COC(=O)CCCCCCCCCCCCCCCCC)COP(=O)(O)OCCN,[M+H]+,277.02,279.2188720703125
CCCCC/C=C\C/C=C\CCCCCCCCCCCC(=O)O[C@H](COC(=O)CCCCCCC/C=C\CCCCCCCC)COP(=O)(O)OC[C@H](N)C(=O)O,[M-H]-,299.0,288.04339599609375
CCN(C(C)=O)c1cccc(-c2ccnc3c(C#N)cnn23)c1,[M+H]+,173.5,170.7769012451172
CCCCC/C=C\C/C=C\C/C=C\C/C=C\CCCC(=O)O[C@H](COC(=O)CCCCCCCCCCCCCCC)COP(=O)(O)O,[M+Na]+,268.39,269.2003173828125
O=C(O)c1cc(=O)[nH]c(=O)[nH]1,[M+H]+,138.85,129.89321899414062
Cn1cc(C(N)=O)ccc1=O,[M+H]+,132.1,131.23675537109375
